pokemon_id,name,exp_type,obtainable,gender_ratio,height,weight,types,egg_groups,tiers,stat_hp,stat_attack,stat_defense,stat_speed,stat_sp_attack,stat_sp_defense,yield_exp,yield_ev_hp,yield_ev_attack,yield_ev_defense,yield_ev_speed,yield_ev_sp_attack,yield_ev_sp_defense
1,Bulbasaur,MEDIUM_SLOW,True,31,7,69,GRASS|POISON,monster|plant,Untiered,45,49,49,45,65,65,64,0,0,0,0,1,0
2,Ivysaur,MEDIUM_SLOW,True,31,10,130,GRASS|POISON,monster|plant,Untiered,60,62,63,60,80,80,142,0,0,0,0,1,1
3,Venusaur,MEDIUM_SLOW,True,31,20,1000,GRASS|POISON,monster|plant,Under Used,80,82,83,80,100,100,236,0,0,0,0,2,1
4,Charmander,MEDIUM_SLOW,True,31,6,85,FIRE|FIRE,monster|dragon,Untiered,39,52,43,65,60,50,62,0,0,0,1,0,0
5,Charmeleon,MEDIUM_SLOW,True,31,11,190,FIRE|FIRE,monster|dragon,Untiered,58,64,58,80,80,65,142,0,0,0,1,1,0
6,Charizard,MEDIUM_SLOW,True,31,17,905,FIRE|FLYING,monster|dragon,Untiered,78,84,78,100,109,85,240,0,0,0,0,3,0
7,Squirtle,MEDIUM_SLOW,True,31,5,90,WATER|WATER,monster|water a,Untiered,44,48,65,43,50,64,63,0,0,1,0,0,0
8,Wartortle,MEDIUM_SLOW,True,31,10,225,WATER|WATER,monster|water a,Untiered,59,63,80,58,65,80,142,0,0,1,0,0,1
9,Blastoise,MEDIUM_SLOW,True,31,16,855,WATER|WATER,monster|water a,Never Used,79,83,100,78,85,105,239,0,0,0,0,0,3
10,Caterpie,MEDIUM_FAST,True,127,3,29,BUG|BUG,bug,Untiered,45,30,35,45,20,20,39,1,0,0,0,0,0
11,Metapod,MEDIUM_FAST,True,127,7,99,BUG|BUG,bug,Untiered,50,20,55,30,25,25,72,0,0,2,0,0,0
12,Butterfree,MEDIUM_FAST,True,127,11,320,BUG|FLYING,bug,Untiered,60,45,50,70,90,80,173,0,0,0,0,2,1
13,Weedle,MEDIUM_FAST,True,127,3,32,BUG|POISON,bug,Untiered,40,35,30,50,20,20,39,0,0,0,1,0,0
14,Kakuna,MEDIUM_FAST,True,127,6,100,BUG|POISON,bug,Untiered,45,25,50,35,25,25,72,0,0,2,0,0,0
15,Beedrill,MEDIUM_FAST,True,127,10,295,BUG|POISON,bug,Untiered,65,90,40,75,45,80,173,0,2,0,0,0,1
16,Pidgey,MEDIUM_SLOW,True,127,3,18,NORMAL|FLYING,flying,Untiered,40,45,40,56,35,35,50,0,0,0,1,0,0
17,Pidgeotto,MEDIUM_SLOW,True,127,11,300,NORMAL|FLYING,flying,Untiered,63,60,55,71,50,50,122,0,0,0,2,0,0
18,Pidgeot,MEDIUM_SLOW,True,127,15,395,NORMAL|FLYING,flying,Untiered,83,80,75,101,70,70,211,0,0,0,3,0,0
19,Rattata,MEDIUM_FAST,True,127,3,35,NORMAL|NORMAL,field,Untiered,30,56,35,72,25,35,51,0,0,0,1,0,0
20,Raticate,MEDIUM_FAST,True,127,7,185,NORMAL|NORMAL,field,Untiered,55,81,60,97,50,70,145,0,0,0,2,0,0
21,Spearow,MEDIUM_FAST,True,127,3,20,NORMAL|FLYING,flying,Untiered,40,60,30,70,31,31,52,0,0,0,1,0,0
22,Fearow,MEDIUM_FAST,True,127,12,380,NORMAL|FLYING,flying,Untiered,65,90,65,100,61,61,155,0,0,0,2,0,0
23,Ekans,MEDIUM_FAST,True,127,20,69,POISON|POISON,field|dragon,Untiered,35,60,44,55,40,54,58,0,1,0,0,0,0
24,Arbok,MEDIUM_FAST,True,127,35,650,POISON|POISON,field|dragon,Untiered,60,95,69,80,65,79,153,0,2,0,0,0,0
25,Pikachu,MEDIUM_FAST,True,127,4,60,ELECTRIC|ELECTRIC,field|fairy,Never Used,35,55,40,90,50,50,105,0,0,0,2,0,0
26,Raichu,MEDIUM_FAST,True,127,8,300,ELECTRIC|ELECTRIC,field|fairy,Untiered,60,90,55,110,90,80,214,0,0,0,3,0,0
27,Sandshrew,MEDIUM_FAST,True,127,6,120,GROUND|GROUND,field,Untiered,50,75,85,40,20,30,60,0,0,1,0,0,0
28,Sandslash,MEDIUM_FAST,True,127,10,295,GROUND|GROUND,field,Untiered,75,100,110,65,45,55,158,0,0,2,0,0,0
29,Nidoran♀,MEDIUM_SLOW,True,254,4,70,POISON|POISON,monster|field,Untiered,55,47,52,41,40,40,55,1,0,0,0,0,0
30,Nidorina,MEDIUM_SLOW,True,254,8,200,POISON|POISON,monster|field,Untiered,70,62,67,56,55,55,128,2,0,0,0,0,0
31,Nidoqueen,MEDIUM_SLOW,True,254,13,600,POISON|GROUND,monster|field,Under Used,90,92,87,76,75,85,223,3,0,0,0,0,0
32,Nidoran♂,MEDIUM_SLOW,True,0,5,90,POISON|POISON,monster|field,Untiered,46,57,40,50,40,40,55,0,1,0,0,0,0
33,Nidorino,MEDIUM_SLOW,True,0,9,195,POISON|POISON,monster|field,Untiered,61,72,57,65,55,55,128,0,2,0,0,0,0
34,Nidoking,MEDIUM_SLOW,True,0,14,620,POISON|GROUND,monster|field,Under Used,81,102,77,85,85,75,223,0,3,0,0,0,0
35,Clefairy,FAST,True,191,6,75,NORMAL|NORMAL,fairy,Untiered,70,45,48,35,60,65,113,2,0,0,0,0,0
36,Clefable,FAST,True,191,13,400,NORMAL|NORMAL,fairy,Never Used,95,70,73,60,95,90,213,3,0,0,0,0,0
37,Vulpix,MEDIUM_FAST,True,191,6,99,FIRE|FIRE,field,Untiered,38,41,40,65,50,65,60,0,0,0,1,0,0
38,Ninetales,MEDIUM_FAST,True,191,11,199,FIRE|FIRE,field,Under Used,73,76,75,100,81,100,177,0,0,0,1,0,1
39,Jigglypuff,FAST,True,191,5,55,NORMAL|NORMAL,fairy,Untiered,115,45,20,20,45,25,95,2,0,0,0,0,0
40,Wigglytuff,FAST,True,191,10,120,NORMAL|NORMAL,fairy,Untiered,140,70,45,45,85,50,191,3,0,0,0,0,0
41,Zubat,MEDIUM_FAST,True,127,8,75,POISON|FLYING,flying,Untiered,40,45,35,55,30,40,49,0,0,0,1,0,0
42,Golbat,MEDIUM_FAST,True,127,16,550,POISON|FLYING,flying,Never Used,75,80,70,90,65,75,159,0,0,0,2,0,0
43,Oddish,MEDIUM_SLOW,True,127,5,54,GRASS|POISON,plant,Untiered,45,50,55,30,75,65,64,0,0,0,0,1,0
44,Gloom,MEDIUM_SLOW,True,127,8,86,GRASS|POISON,plant,Untiered,60,65,70,40,85,75,138,0,0,0,0,2,0
45,Vileplume,MEDIUM_SLOW,True,127,12,186,GRASS|POISON,plant,Untiered,75,80,85,50,110,90,216,0,0,0,0,3,0
46,Paras,MEDIUM_FAST,True,127,3,54,BUG|GRASS,bug|plant,Untiered,35,70,55,25,45,55,57,0,1,0,0,0,0
47,Parasect,MEDIUM_FAST,True,127,10,295,BUG|GRASS,bug|plant,Untiered,60,95,80,30,60,80,142,0,2,1,0,0,0
48,Venonat,MEDIUM_FAST,True,127,10,300,BUG|POISON,bug,Untiered,60,55,50,45,40,55,61,0,0,0,0,0,1
49,Venomoth,MEDIUM_FAST,True,127,15,125,BUG|POISON,bug,Never Used,70,65,60,90,90,75,158,0,0,0,1,1,0
50,Diglett,MEDIUM_FAST,True,127,2,8,GROUND|GROUND,field,Untiered,10,55,25,95,35,45,53,0,0,0,1,0,0
51,Dugtrio,MEDIUM_FAST,True,127,7,333,GROUND|GROUND,field,Untiered,35,100,50,120,50,70,142,0,0,0,2,0,0
52,Meowth,MEDIUM_FAST,True,127,4,42,NORMAL|NORMAL,field,Untiered,40,45,35,90,40,40,58,0,0,0,1,0,0
53,Persian,MEDIUM_FAST,True,127,10,320,NORMAL|NORMAL,field,Untiered,65,70,60,115,65,65,154,0,0,0,2,0,0
54,Psyduck,MEDIUM_FAST,True,127,8,196,WATER|WATER,water a|field,Untiered,50,52,48,55,65,50,64,0,0,0,0,1,0
55,Golduck,MEDIUM_FAST,True,127,17,766,WATER|WATER,water a|field,Untiered,80,82,78,85,95,80,175,0,0,0,0,2,0
56,Mankey,MEDIUM_FAST,True,127,5,280,FIGHTING|FIGHTING,field,Untiered,40,80,35,70,35,45,61,0,1,0,0,0,0
57,Primeape,MEDIUM_FAST,True,127,10,320,FIGHTING|FIGHTING,field,Untiered,65,105,60,95,60,70,159,0,2,0,0,0,0
58,Growlithe,SLOW,True,63,7,190,FIRE|FIRE,field,Untiered,55,70,45,60,70,50,70,0,1,0,0,0,0
59,Arcanine,SLOW,True,63,19,1550,FIRE|FIRE,field,Never Used,90,110,80,95,100,80,194,0,2,0,0,0,0
60,Poliwag,MEDIUM_SLOW,True,127,6,124,WATER|WATER,water a,Untiered,40,50,40,90,40,40,60,0,0,0,1,0,0
61,Poliwhirl,MEDIUM_SLOW,True,127,10,200,WATER|WATER,water a,Untiered,65,65,65,90,50,50,135,0,0,0,2,0,0
62,Poliwrath,MEDIUM_SLOW,True,127,13,540,WATER|FIGHTING,water a,Under Used,90,95,95,70,70,90,225,0,0,3,0,0,0
63,Abra,MEDIUM_SLOW,True,63,9,195,PSYCHIC|PSYCHIC,humanoid,Untiered,25,20,15,90,105,55,62,0,0,0,0,1,0
64,Kadabra,MEDIUM_SLOW,True,63,13,565,PSYCHIC|PSYCHIC,humanoid,Untiered,40,35,30,105,120,70,140,0,0,0,0,2,0
65,Alakazam,MEDIUM_SLOW,True,63,15,480,PSYCHIC|PSYCHIC,humanoid,Never Used,55,50,45,120,135,95,221,0,0,0,0,3,0
66,Machop,MEDIUM_SLOW,True,63,8,195,FIGHTING|FIGHTING,humanoid,Untiered,70,80,50,35,35,35,61,0,1,0,0,0,0
67,Machoke,MEDIUM_SLOW,True,63,15,705,FIGHTING|FIGHTING,humanoid,Untiered,80,100,70,45,50,60,142,0,2,0,0,0,0
68,Machamp,MEDIUM_SLOW,True,63,16,1300,FIGHTING|FIGHTING,humanoid,Under Used,90,130,80,55,65,85,227,0,3,0,0,0,0
69,Bellsprout,MEDIUM_SLOW,True,127,7,40,GRASS|POISON,plant,Untiered,50,75,35,40,70,30,60,0,1,0,0,0,0
70,Weepinbell,MEDIUM_SLOW,True,127,10,64,GRASS|POISON,plant,Untiered,65,90,50,55,85,45,137,0,2,0,0,0,0
71,Victreebel,MEDIUM_SLOW,True,127,17,155,GRASS|POISON,plant,Untiered,80,105,65,70,100,70,216,0,3,0,0,0,0
72,Tentacool,SLOW,True,127,9,455,WATER|POISON,water c,Untiered,40,40,35,70,50,100,67,0,0,0,0,0,1
73,Tentacruel,SLOW,True,127,16,550,WATER|POISON,water c,Over Used,80,70,65,100,80,120,180,0,0,0,0,0,2
74,Geodude,MEDIUM_SLOW,True,127,4,200,ROCK|GROUND,mineral,Untiered,40,80,100,20,30,30,60,0,0,1,0,0,0
75,Graveler,MEDIUM_SLOW,True,127,10,1050,ROCK|GROUND,mineral,Untiered,55,95,115,35,45,45,137,0,0,2,0,0,0
76,Golem,MEDIUM_SLOW,True,127,14,3000,ROCK|GROUND,mineral,Never Used,80,120,130,45,55,65,218,0,0,3,0,0,0
77,Ponyta,MEDIUM_FAST,True,127,10,300,FIRE|FIRE,field,Untiered,50,85,55,90,65,65,82,0,0,0,1,0,0
78,Rapidash,MEDIUM_FAST,True,127,17,950,FIRE|FIRE,field,Untiered,65,100,70,105,80,80,175,0,0,0,2,0,0
79,Slowpoke,MEDIUM_FAST,True,127,12,360,WATER|PSYCHIC,monster|water a,Untiered,90,65,65,15,40,40,63,1,0,0,0,0,0
80,Slowbro,MEDIUM_FAST,True,127,16,785,WATER|PSYCHIC,monster|water a,Under Used,95,75,110,30,100,80,172,0,0,2,0,0,0
81,Magnemite,MEDIUM_FAST,True,255,3,60,ELECTRIC|STEEL,genderless,Untiered,25,35,70,45,95,55,65,0,0,0,0,1,0
82,Magneton,MEDIUM_FAST,True,255,10,600,ELECTRIC|STEEL,genderless,Never Used,50,60,95,70,120,70,163,0,0,0,0,2,0
83,Farfetch'd,MEDIUM_FAST,True,127,8,150,NORMAL|FLYING,flying|field,Untiered,52,90,55,60,58,62,123,0,1,0,0,0,0
84,Doduo,MEDIUM_FAST,True,127,14,392,NORMAL|FLYING,flying,Untiered,35,85,45,75,35,35,62,0,1,0,0,0,0
85,Dodrio,MEDIUM_FAST,True,127,18,852,NORMAL|FLYING,flying,Untiered,60,110,70,110,60,60,161,0,2,0,0,0,0
86,Seel,MEDIUM_FAST,True,127,11,900,WATER|WATER,water a|field,Untiered,65,45,55,45,45,70,65,0,0,0,0,0,1
87,Dewgong,MEDIUM_FAST,True,127,17,1200,WATER|ICE,water a|field,Untiered,90,70,80,70,70,95,166,0,0,0,0,0,2
88,Grimer,MEDIUM_FAST,True,127,9,300,POISON|POISON,chaos,Untiered,80,80,50,25,40,50,65,1,0,0,0,0,0
89,Muk,MEDIUM_FAST,True,127,12,300,POISON|POISON,chaos,Untiered,105,105,75,50,65,100,175,1,1,0,0,0,0
90,Shellder,SLOW,True,127,3,40,WATER|WATER,water c,Untiered,30,65,100,40,45,25,61,0,0,1,0,0,0
91,Cloyster,SLOW,True,127,15,1325,WATER|ICE,water c,Under Used,50,95,180,70,85,45,184,0,0,2,0,0,0
92,Gastly,MEDIUM_SLOW,True,127,13,1,GHOST|POISON,chaos,Untiered,30,35,30,80,100,35,62,0,0,0,0,1,0
93,Haunter,MEDIUM_SLOW,True,127,16,1,GHOST|POISON,chaos,Untiered,45,50,45,95,115,55,142,0,0,0,0,2,0
94,Gengar,MEDIUM_SLOW,True,127,15,405,GHOST|POISON,chaos,Over Used,60,65,60,110,130,75,225,0,0,0,0,3,0
95,Onix,MEDIUM_FAST,True,127,88,2100,ROCK|GROUND,mineral,Untiered,35,45,160,70,30,45,77,0,0,1,0,0,0
96,Drowzee,MEDIUM_FAST,True,127,10,324,PSYCHIC|PSYCHIC,humanoid,Untiered,60,48,45,42,43,90,66,0,0,0,0,0,1
97,Hypno,MEDIUM_FAST,True,127,16,756,PSYCHIC|PSYCHIC,humanoid,Untiered,85,73,70,67,73,115,169,0,0,0,0,0,2
98,Krabby,MEDIUM_FAST,True,127,4,65,WATER|WATER,water c,Untiered,30,105,90,50,25,25,65,0,1,0,0,0,0
99,Kingler,MEDIUM_FAST,True,127,13,600,WATER|WATER,water c,Untiered,55,130,115,75,50,50,166,0,2,0,0,0,0
100,Voltorb,MEDIUM_FAST,True,255,5,104,ELECTRIC|ELECTRIC,genderless,Untiered,40,30,50,100,55,55,66,0,0,0,1,0,0
101,Electrode,MEDIUM_FAST,True,255,12,666,ELECTRIC|ELECTRIC,genderless,Untiered,60,50,70,150,80,80,168,0,0,0,2,0,0
102,Exeggcute,SLOW,True,127,4,25,GRASS|PSYCHIC,plant,Untiered,60,40,80,40,60,45,65,0,0,1,0,0,0
103,Exeggutor,SLOW,True,127,20,1200,GRASS|PSYCHIC,plant,Untiered,95,95,85,55,125,75,182,0,0,0,0,2,0
104,Cubone,MEDIUM_FAST,True,127,4,65,GROUND|GROUND,monster,Untiered,50,50,95,35,40,50,64,0,0,1,0,0,0
105,Marowak,MEDIUM_FAST,True,127,10,450,GROUND|GROUND,monster,Untiered,60,80,110,45,50,80,149,0,0,2,0,0,0
106,Hitmonlee,MEDIUM_FAST,True,0,15,498,FIGHTING|FIGHTING,humanoid,Untiered,50,120,53,87,35,110,159,0,2,0,0,0,0
107,Hitmonchan,MEDIUM_FAST,True,0,14,502,FIGHTING|FIGHTING,humanoid,Never Used,50,105,79,76,35,110,159,0,0,0,0,0,2
108,Lickitung,MEDIUM_FAST,True,127,12,655,NORMAL|NORMAL,monster,Untiered,90,55,75,30,60,75,77,2,0,0,0,0,0
109,Koffing,MEDIUM_FAST,True,127,6,10,POISON|POISON,chaos,Untiered,40,65,95,35,60,45,68,0,0,1,0,0,0
110,Weezing,MEDIUM_FAST,True,127,12,95,POISON|POISON,chaos,Over Used,65,90,120,60,85,70,172,0,0,2,0,0,0
111,Rhyhorn,SLOW,True,127,10,1150,GROUND|ROCK,monster|field,Untiered,80,85,95,25,30,30,69,0,0,1,0,0,0
112,Rhydon,SLOW,True,127,19,1200,GROUND|ROCK,monster|field,Untiered,105,130,120,40,45,45,170,0,2,0,0,0,0
113,Chansey,FAST,True,254,11,346,NORMAL|NORMAL,fairy,Over Used,250,5,5,50,35,105,395,2,0,0,0,0,0
114,Tangela,MEDIUM_FAST,True,127,10,350,GRASS|GRASS,plant,Under Used,65,55,115,60,100,40,87,0,0,1,0,0,0
115,Kangaskhan,MEDIUM_FAST,True,254,22,800,NORMAL|NORMAL,monster,Untiered,105,95,80,90,40,80,172,2,0,0,0,0,0
116,Horsea,MEDIUM_FAST,True,127,4,80,WATER|WATER,water a|dragon,Untiered,30,40,70,60,70,25,59,0,0,0,0,1,0
117,Seadra,MEDIUM_FAST,True,127,12,250,WATER|WATER,water a|dragon,Untiered,55,65,95,85,95,45,154,0,0,1,0,1,0
118,Goldeen,MEDIUM_FAST,True,127,6,150,WATER|WATER,water b,Untiered,45,67,60,63,35,50,64,0,1,0,0,0,0
119,Seaking,MEDIUM_FAST,True,127,13,390,WATER|WATER,water b,Untiered,80,92,65,68,65,80,158,0,2,0,0,0,0
120,Staryu,SLOW,True,255,8,345,WATER|WATER,genderless,Untiered,30,45,55,85,70,55,68,0,0,0,1,0,0
121,Starmie,SLOW,True,255,11,800,WATER|PSYCHIC,genderless,Over Used,60,75,85,115,100,85,182,0,0,0,2,0,0
122,Mr. Mime,MEDIUM_FAST,True,127,13,545,PSYCHIC|PSYCHIC,humanoid,Untiered,40,45,65,90,100,120,161,0,0,0,0,0,2
123,Scyther,MEDIUM_FAST,True,127,15,560,BUG|FLYING,bug,Untiered,70,110,80,105,55,80,100,0,1,0,0,0,0
124,Jynx,MEDIUM_FAST,True,254,14,406,ICE|PSYCHIC,humanoid,Untiered,65,50,35,95,115,95,159,0,0,0,0,2,0
125,Electabuzz,MEDIUM_FAST,True,63,11,300,ELECTRIC|ELECTRIC,humanoid,Untiered,65,83,57,105,95,85,172,0,0,0,2,0,0
126,Magmar,MEDIUM_FAST,True,63,13,445,FIRE|FIRE,humanoid,Untiered,65,95,57,93,100,85,173,0,0,0,0,2,0
127,Pinsir,SLOW,True,127,15,550,BUG|BUG,bug,Untiered,65,125,100,85,55,70,175,0,2,0,0,0,0
128,Tauros,SLOW,True,0,14,884,NORMAL|NORMAL,field,Untiered,75,100,95,110,40,70,172,0,1,0,1,0,0
129,Magikarp,SLOW,True,127,9,100,WATER|WATER,water b|dragon,Untiered,20,10,55,80,15,20,40,0,0,0,1,0,0
130,Gyarados,SLOW,True,127,65,2350,WATER|FLYING,water b|dragon,Over Used,95,125,79,81,60,100,189,0,2,0,0,0,0
131,Lapras,SLOW,True,127,25,2200,WATER|ICE,monster|water a,Untiered,130,85,80,60,85,95,187,2,0,0,0,0,0
132,Ditto,MEDIUM_FAST,True,255,3,40,NORMAL|NORMAL,ditto,Untiered,48,48,48,48,48,48,101,1,0,0,0,0,0
133,Eevee,MEDIUM_FAST,True,31,3,65,NORMAL|NORMAL,field,Untiered,55,55,50,55,45,65,65,0,0,0,0,0,1
134,Vaporeon,MEDIUM_FAST,True,31,10,290,WATER|WATER,field,Under Used,130,65,60,65,110,95,184,2,0,0,0,0,0
135,Jolteon,MEDIUM_FAST,True,31,8,245,ELECTRIC|ELECTRIC,field,Under Used,65,65,60,130,110,95,184,0,0,0,2,0,0
136,Flareon,MEDIUM_FAST,True,31,9,250,FIRE|FIRE,field,Untiered,65,130,60,65,95,110,184,0,2,0,0,0,0
137,Porygon,MEDIUM_FAST,True,255,8,365,NORMAL|NORMAL,genderless,Untiered,65,60,70,40,85,75,79,0,0,0,0,1,0
138,Omanyte,MEDIUM_FAST,True,31,4,75,ROCK|WATER,water a|water c,Untiered,35,40,100,35,90,55,71,0,0,1,0,0,0
139,Omastar,MEDIUM_FAST,True,31,10,350,ROCK|WATER,water a|water c,Untiered,70,60,125,55,115,70,173,0,0,2,0,0,0
140,Kabuto,MEDIUM_FAST,True,31,5,115,ROCK|WATER,water a|water c,Untiered,30,80,90,55,55,45,71,0,0,1,0,0,0
141,Kabutops,MEDIUM_FAST,True,31,13,405,ROCK|WATER,water a|water c,Under Used,60,115,105,80,65,70,173,0,2,0,0,0,0
142,Aerodactyl,SLOW,True,31,18,590,ROCK|FLYING,flying,Untiered,80,105,65,130,60,75,180,0,0,0,2,0,0
143,Snorlax,SLOW,True,31,21,4600,NORMAL|NORMAL,monster,Under Used,160,110,65,30,65,110,189,2,0,0,0,0,0
144,Articuno,SLOW,True,255,17,554,ICE|FLYING,cannot breed,Untiered,90,85,100,85,95,125,261,0,0,0,0,0,3
145,Zapdos,SLOW,True,255,16,526,ELECTRIC|FLYING,cannot breed,Over Used,90,90,85,100,125,90,261,0,0,0,0,3,0
146,Moltres,SLOW,True,255,20,600,FIRE|FLYING,cannot breed,Never Used,90,100,90,90,125,85,261,0,0,0,0,3,0
147,Dratini,SLOW,True,127,18,33,DRAGON|DRAGON,water a|dragon,Untiered,41,64,45,50,50,50,60,0,1,0,0,0,0
148,Dragonair,SLOW,True,127,40,165,DRAGON|DRAGON,water a|dragon,Untiered,61,84,65,70,70,70,147,0,2,0,0,0,0
149,Dragonite,SLOW,True,127,22,2100,DRAGON|FLYING,water a|dragon,Over Used,91,134,95,80,100,100,270,0,3,0,0,0,0
150,Mewtwo,SLOW,True,255,20,1220,PSYCHIC|PSYCHIC,cannot breed,Ubers,106,110,90,130,154,90,306,0,0,0,0,3,0
151,Mew,MEDIUM_SLOW,False,255,4,40,PSYCHIC|PSYCHIC,cannot breed,Ubers,100,100,100,100,100,100,270,3,0,0,0,0,0
152,Chikorita,MEDIUM_SLOW,True,31,9,64,GRASS|GRASS,monster|plant,Untiered,45,49,65,45,49,65,64,0,0,0,0,0,1
153,Bayleef,MEDIUM_SLOW,True,31,12,158,GRASS|GRASS,monster|plant,Untiered,60,62,80,60,63,80,142,0,0,1,0,0,1
154,Meganium,MEDIUM_SLOW,True,31,18,1005,GRASS|GRASS,monster|plant,Untiered,80,82,100,80,83,100,236,0,0,1,0,0,2
155,Cyndaquil,MEDIUM_SLOW,True,31,5,79,FIRE|FIRE,field,Untiered,39,52,43,65,60,50,62,0,0,0,1,0,0
156,Quilava,MEDIUM_SLOW,True,31,9,190,FIRE|FIRE,field,Untiered,58,64,58,80,80,65,142,0,0,0,1,1,0
157,Typhlosion,MEDIUM_SLOW,True,31,17,795,FIRE|FIRE,field,Never Used,78,84,78,100,109,85,240,0,0,0,0,3,0
158,Totodile,MEDIUM_SLOW,True,31,6,95,WATER|WATER,monster|water a,Untiered,50,65,64,43,44,48,63,0,1,0,0,0,0
159,Croconaw,MEDIUM_SLOW,True,31,11,250,WATER|WATER,monster|water a,Untiered,65,80,80,58,59,63,142,0,1,1,0,0,0
160,Feraligatr,MEDIUM_SLOW,True,31,23,888,WATER|WATER,monster|water a,Under Used,85,105,100,78,79,83,239,0,2,1,0,0,0
161,Sentret,MEDIUM_FAST,True,127,8,60,NORMAL|NORMAL,field,Untiered,35,46,34,20,35,45,43,0,1,0,0,0,0
162,Furret,MEDIUM_FAST,True,127,18,325,NORMAL|NORMAL,field,Untiered,85,76,64,90,45,55,145,0,0,0,2,0,0
163,Hoothoot,MEDIUM_FAST,True,127,7,212,NORMAL|FLYING,flying,Untiered,60,30,30,50,36,56,52,1,0,0,0,0,0
164,Noctowl,MEDIUM_FAST,True,127,16,408,NORMAL|FLYING,flying,Untiered,100,50,50,70,86,96,155,2,0,0,0,0,0
165,Ledyba,FAST,True,127,10,108,BUG|FLYING,bug,Untiered,40,20,30,55,40,80,53,0,0,0,0,0,1
166,Ledian,FAST,True,127,14,356,BUG|FLYING,bug,Untiered,55,35,50,85,55,110,137,0,0,0,0,0,2
167,Spinarak,FAST,True,127,5,85,BUG|POISON,bug,Untiered,40,60,40,30,40,40,50,0,1,0,0,0,0
168,Ariados,FAST,True,127,11,335,BUG|POISON,bug,Untiered,70,90,70,40,60,70,137,0,2,0,0,0,0
169,Crobat,MEDIUM_FAST,True,127,18,750,POISON|FLYING,flying,Under Used,85,90,80,130,70,80,241,0,0,0,3,0,0
170,Chinchou,SLOW,True,127,5,120,WATER|ELECTRIC,water b,Untiered,75,38,38,67,56,56,66,1,0,0,0,0,0
171,Lanturn,SLOW,True,127,12,225,WATER|ELECTRIC,water b,Never Used,125,58,58,67,76,76,161,2,0,0,0,0,0
172,Pichu,MEDIUM_FAST,True,127,3,20,ELECTRIC|ELECTRIC,cannot breed,Untiered,20,40,15,60,35,35,41,0,0,0,1,0,0
173,Cleffa,FAST,True,191,3,30,NORMAL|NORMAL,cannot breed,Untiered,50,25,28,15,45,55,44,0,0,0,0,0,1
174,Igglybuff,FAST,True,191,3,10,NORMAL|NORMAL,cannot breed,Untiered,90,30,15,15,40,20,42,1,0,0,0,0,0
175,Togepi,FAST,True,31,3,15,NORMAL|NORMAL,cannot breed,Untiered,35,20,65,20,40,65,49,0,0,0,0,0,1
176,Togetic,FAST,True,31,6,32,NORMAL|FLYING,flying|fairy,Untiered,55,40,85,40,80,105,142,0,0,0,0,0,2
177,Natu,MEDIUM_FAST,True,127,2,20,PSYCHIC|FLYING,flying,Untiered,40,50,45,70,70,45,64,0,0,0,0,1,0
178,Xatu,MEDIUM_FAST,True,127,15,150,PSYCHIC|FLYING,flying,Under Used,65,75,70,95,95,70,165,0,0,0,1,1,0
179,Mareep,MEDIUM_SLOW,True,127,6,78,ELECTRIC|ELECTRIC,monster|field,Untiered,55,40,40,35,65,45,56,0,0,0,0,1,0
180,Flaaffy,MEDIUM_SLOW,True,127,8,133,ELECTRIC|ELECTRIC,monster|field,Untiered,70,55,55,45,80,60,128,0,0,0,0,2,0
181,Ampharos,MEDIUM_SLOW,True,127,14,615,ELECTRIC|ELECTRIC,monster|field,Untiered,90,75,85,55,115,90,225,0,0,0,0,3,0
182,Bellossom,MEDIUM_SLOW,True,127,4,58,GRASS|GRASS,plant,Untiered,75,80,95,50,90,100,216,0,0,0,0,0,3
183,Marill,FAST,True,127,4,85,WATER|WATER,water a|fairy,Untiered,70,20,50,40,20,50,88,2,0,0,0,0,0
184,Azumarill,FAST,True,127,8,285,WATER|WATER,water a|fairy,Never Used,100,50,80,50,60,80,185,3,0,0,0,0,0
185,Sudowoodo,MEDIUM_FAST,True,127,12,380,ROCK|ROCK,mineral,Untiered,70,100,115,30,30,65,144,0,0,2,0,0,0
186,Politoed,MEDIUM_SLOW,True,127,11,339,WATER|WATER,water a,Under Used,90,75,75,70,90,100,225,0,0,0,0,0,3
187,Hoppip,MEDIUM_SLOW,True,127,4,5,GRASS|FLYING,fairy|plant,Untiered,35,35,40,50,35,55,50,0,0,0,0,0,1
188,Skiploom,MEDIUM_SLOW,True,127,6,10,GRASS|FLYING,fairy|plant,Untiered,55,45,50,80,45,65,119,0,0,0,2,0,0
189,Jumpluff,MEDIUM_SLOW,True,127,8,30,GRASS|FLYING,fairy|plant,Untiered,75,55,70,110,55,95,203,0,0,0,3,0,0
190,Aipom,FAST,True,127,8,115,NORMAL|NORMAL,field,Untiered,55,70,55,85,40,55,72,0,0,0,1,0,0
191,Sunkern,MEDIUM_SLOW,True,127,3,18,GRASS|GRASS,plant,Untiered,30,30,30,30,30,30,36,0,0,0,0,1,0
192,Sunflora,MEDIUM_SLOW,True,127,8,85,GRASS|GRASS,plant,Untiered,75,75,55,30,105,85,149,0,0,0,0,2,0
193,Yanma,MEDIUM_FAST,True,127,12,380,BUG|FLYING,bug,Untiered,65,65,45,95,75,45,78,0,0,0,1,0,0
194,Wooper,MEDIUM_FAST,True,127,4,85,WATER|GROUND,water a|field,Untiered,55,45,45,15,25,25,42,1,0,0,0,0,0
195,Quagsire,MEDIUM_FAST,True,127,14,750,WATER|GROUND,water a|field,Under Used,95,85,85,35,65,65,151,2,0,0,0,0,0
196,Espeon,MEDIUM_FAST,True,31,9,265,PSYCHIC|PSYCHIC,field,Over Used,65,65,60,110,130,95,184,0,0,0,0,2,0
197,Umbreon,MEDIUM_FAST,True,31,10,270,DARK|DARK,field,Under Used,95,65,110,65,60,130,184,0,0,0,0,0,2
198,Murkrow,MEDIUM_SLOW,True,127,5,21,DARK|FLYING,flying,Untiered,60,85,42,91,85,42,81,0,0,0,1,0,0
199,Slowking,MEDIUM_FAST,True,127,20,795,WATER|PSYCHIC,monster|water a,Untiered,95,75,80,30,100,110,172,0,0,0,0,0,2
200,Misdreavus,FAST,True,127,7,10,GHOST|GHOST,chaos,Untiered,60,60,60,85,85,85,87,0,0,0,0,0,1
201,Unown,MEDIUM_FAST,True,255,5,50,PSYCHIC|PSYCHIC,cannot breed,Untiered,48,72,48,48,72,48,118,0,1,0,0,1,0
202,Wobbuffet,MEDIUM_FAST,True,127,13,285,PSYCHIC|PSYCHIC,chaos,Untiered,190,33,58,33,33,58,142,2,0,0,0,0,0
203,Girafarig,MEDIUM_FAST,True,127,15,415,NORMAL|PSYCHIC,field,Untiered,70,80,65,85,90,65,159,0,0,0,0,2,0
204,Pineco,MEDIUM_FAST,True,127,6,72,BUG|BUG,bug,Untiered,50,65,90,15,35,35,58,0,0,1,0,0,0
205,Forretress,MEDIUM_FAST,True,127,12,1258,BUG|STEEL,bug,Under Used,75,90,140,40,60,60,163,0,0,2,0,0,0
206,Dunsparce,MEDIUM_FAST,True,127,15,140,NORMAL|NORMAL,field,Untiered,100,70,70,45,65,65,145,1,0,0,0,0,0
207,Gligar,MEDIUM_SLOW,True,127,11,648,GROUND|FLYING,bug,Under Used,65,75,105,85,35,65,86,0,0,1,0,0,0
208,Steelix,MEDIUM_FAST,True,127,92,4000,STEEL|GROUND,mineral,Never Used,75,85,200,30,55,65,179,0,0,2,0,0,0
209,Snubbull,FAST,True,191,6,78,NORMAL|NORMAL,field|fairy,Untiered,60,80,50,30,40,40,60,0,1,0,0,0,0
210,Granbull,FAST,True,191,14,487,NORMAL|NORMAL,field|fairy,Untiered,90,120,75,45,60,60,158,0,2,0,0,0,0
211,Qwilfish,MEDIUM_FAST,True,127,5,39,WATER|POISON,water b,Never Used,65,95,85,85,55,55,86,0,1,0,0,0,0
212,Scizor,MEDIUM_FAST,True,127,18,1180,BUG|STEEL,bug,Over Used,70,130,100,65,55,80,175,0,2,0,0,0,0
213,Shuckle,MEDIUM_SLOW,True,127,6,205,BUG|ROCK,bug,Untiered,20,10,230,5,10,230,177,0,0,1,0,0,1
214,Heracross,SLOW,True,127,15,540,BUG|FIGHTING,bug,Under Used,80,125,75,85,40,95,175,0,2,0,0,0,0
215,Sneasel,MEDIUM_SLOW,True,127,9,280,DARK|ICE,field,Untiered,55,95,55,115,35,75,86,0,0,0,1,0,0
216,Teddiursa,MEDIUM_FAST,True,127,6,88,NORMAL|NORMAL,field,Untiered,60,80,50,40,50,50,66,0,1,0,0,0,0
217,Ursaring,MEDIUM_FAST,True,127,18,1258,NORMAL|NORMAL,field,Untiered,90,130,75,55,75,75,175,0,2,0,0,0,0
218,Slugma,MEDIUM_FAST,True,127,7,350,FIRE|FIRE,chaos,Untiered,40,40,40,20,70,40,50,0,0,0,0,1,0
219,Magcargo,MEDIUM_FAST,True,127,8,550,FIRE|ROCK,chaos,Untiered,60,50,120,30,90,80,144,0,0,2,0,0,0
220,Swinub,SLOW,True,127,4,65,ICE|GROUND,field,Untiered,50,50,40,50,30,30,50,0,1,0,0,0,0
221,Piloswine,SLOW,True,127,11,558,ICE|GROUND,field,Never Used,100,100,80,50,60,60,158,1,1,0,0,0,0
222,Corsola,FAST,True,191,6,50,WATER|ROCK,water a|water c,Untiered,65,55,95,35,65,95,133,0,0,1,0,0,1
223,Remoraid,MEDIUM_FAST,True,127,6,120,WATER|WATER,water a|water b,Untiered,35,65,35,65,65,35,60,0,0,0,0,1,0
224,Octillery,MEDIUM_FAST,True,127,9,285,WATER|WATER,water a|water b,Untiered,75,105,75,45,105,75,168,0,1,0,0,1,0
225,Delibird,FAST,True,127,9,160,ICE|FLYING,water a|field,Untiered,45,55,45,75,65,45,116,0,0,0,1,0,0
226,Mantine,SLOW,True,127,21,2200,WATER|FLYING,water a,Under Used,85,40,70,70,80,140,163,0,0,0,0,0,2
227,Skarmory,SLOW,True,127,17,505,STEEL|FLYING,flying,Over Used,65,80,140,70,40,70,163,0,0,2,0,0,0
228,Houndour,SLOW,True,127,6,108,DARK|FIRE,field,Untiered,45,60,30,65,80,50,66,0,0,0,0,1,0
229,Houndoom,SLOW,True,127,14,350,DARK|FIRE,field,Never Used,75,90,50,95,110,80,175,0,0,0,0,2,0
230,Kingdra,MEDIUM_FAST,True,127,18,1520,WATER|DRAGON,water a|dragon,Over Used,75,95,95,85,95,95,243,0,1,0,0,1,1
231,Phanpy,MEDIUM_FAST,True,127,5,335,GROUND|GROUND,field,Untiered,90,60,60,40,40,40,66,1,0,0,0,0,0
232,Donphan,MEDIUM_FAST,True,127,11,1200,GROUND|GROUND,field,Under Used,90,120,120,50,60,60,175,0,1,1,0,0,0
233,Porygon2,MEDIUM_FAST,True,255,6,325,NORMAL|NORMAL,genderless,Under Used,85,80,90,60,105,95,180,0,0,0,0,2,0
234,Stantler,SLOW,True,127,14,712,NORMAL|NORMAL,field,Untiered,73,95,62,85,85,65,163,0,1,0,0,0,0
235,Smeargle,FAST,True,127,12,580,NORMAL|NORMAL,field,Untiered,55,20,35,75,20,45,88,0,0,0,1,0,0
236,Tyrogue,MEDIUM_FAST,True,0,7,210,FIGHTING|FIGHTING,cannot breed,Untiered,35,35,35,35,35,35,42,0,1,0,0,0,0
237,Hitmontop,MEDIUM_FAST,True,0,14,480,FIGHTING|FIGHTING,humanoid,Never Used,50,95,95,70,35,110,159,0,0,0,0,0,2
238,Smoochum,MEDIUM_FAST,True,254,4,60,ICE|PSYCHIC,cannot breed,Untiered,45,30,15,65,85,65,61,0,0,0,0,1,0
239,Elekid,MEDIUM_FAST,True,63,6,235,ELECTRIC|ELECTRIC,cannot breed,Untiered,45,63,37,95,65,55,72,0,0,0,1,0,0
240,Magby,MEDIUM_FAST,True,63,7,214,FIRE|FIRE,cannot breed,Untiered,45,75,37,83,70,55,73,0,0,0,1,0,0
241,Miltank,SLOW,True,254,12,755,NORMAL|NORMAL,field,Untiered,95,80,105,100,40,70,172,0,0,2,0,0,0
242,Blissey,FAST,True,254,15,468,NORMAL|NORMAL,fairy,Under Used,255,10,10,55,75,135,608,3,0,0,0,0,0
243,Raikou,SLOW,True,255,19,1780,ELECTRIC|ELECTRIC,cannot breed,Over Used,90,85,75,115,115,100,261,0,0,0,2,1,0
244,Entei,SLOW,True,255,21,1980,FIRE|FIRE,cannot breed,Under Used,115,115,85,100,90,75,261,1,2,0,0,0,0
245,Suicune,SLOW,True,255,20,1870,WATER|WATER,cannot breed,Over Used,100,75,115,85,90,115,261,0,0,1,0,0,2
246,Larvitar,SLOW,True,127,6,720,ROCK|GROUND,monster,Untiered,50,64,50,41,45,50,60,0,1,0,0,0,0
247,Pupitar,SLOW,True,127,12,1520,ROCK|GROUND,monster,Untiered,70,84,70,51,65,70,144,0,2,0,0,0,0
248,Tyranitar,SLOW,True,127,20,2020,ROCK|DARK,monster,Over Used,100,134,110,61,95,100,270,0,3,0,0,0,0
249,Lugia,SLOW,True,255,52,2160,PSYCHIC|FLYING,cannot breed,Ubers,106,90,130,110,90,154,306,0,0,0,0,0,3
250,Ho-Oh,SLOW,False,255,38,1990,FIRE|FLYING,cannot breed,Ubers,106,130,90,90,110,154,306,0,0,0,0,0,3
251,Celebi,MEDIUM_SLOW,False,255,6,50,PSYCHIC|GRASS,cannot breed,Ubers,100,100,100,100,100,100,270,3,0,0,0,0,0
252,Treecko,MEDIUM_SLOW,True,31,5,50,GRASS|GRASS,monster|dragon,Untiered,40,45,35,70,65,55,62,0,0,0,1,0,0
253,Grovyle,MEDIUM_SLOW,True,31,9,216,GRASS|GRASS,monster|dragon,Untiered,50,65,45,95,85,65,142,0,0,0,2,0,0
254,Sceptile,MEDIUM_SLOW,True,31,17,522,GRASS|GRASS,monster|dragon,Never Used,70,85,65,120,105,85,239,0,0,0,3,0,0
255,Torchic,MEDIUM_SLOW,True,31,4,25,FIRE|FIRE,field,Untiered,45,60,40,45,70,50,62,0,0,0,0,1,0
256,Combusken,MEDIUM_SLOW,True,31,9,195,FIRE|FIGHTING,field,Untiered,60,85,60,55,85,60,142,0,1,0,0,1,0
257,Blaziken,MEDIUM_SLOW,True,31,19,520,FIRE|FIGHTING,field,Never Used,80,120,70,80,110,70,239,0,3,0,0,0,0
258,Mudkip,MEDIUM_SLOW,True,31,4,76,WATER|WATER,monster|water a,Untiered,50,70,50,40,50,50,62,0,1,0,0,0,0
259,Marshtomp,MEDIUM_SLOW,True,31,7,280,WATER|GROUND,monster|water a,Untiered,70,85,70,50,60,70,142,0,2,0,0,0,0
260,Swampert,MEDIUM_SLOW,True,31,15,819,WATER|GROUND,monster|water a,Under Used,100,110,90,60,85,90,241,0,3,0,0,0,0
261,Poochyena,MEDIUM_FAST,True,127,5,136,DARK|DARK,field,Untiered,35,55,35,35,30,30,44,0,1,0,0,0,0
262,Mightyena,MEDIUM_FAST,True,127,10,370,DARK|DARK,field,Untiered,70,90,70,70,60,60,147,0,2,0,0,0,0
263,Zigzagoon,MEDIUM_FAST,True,127,4,175,NORMAL|NORMAL,field,Untiered,38,30,41,60,30,41,48,0,0,0,1,0,0
264,Linoone,MEDIUM_FAST,True,127,5,325,NORMAL|NORMAL,field,Untiered,78,70,61,100,50,61,147,0,0,0,2,0,0
265,Wurmple,MEDIUM_FAST,True,127,3,36,BUG|BUG,bug,Untiered,45,45,35,20,20,30,39,1,0,0,0,0,0
266,Silcoon,MEDIUM_FAST,True,127,6,100,BUG|BUG,bug,Untiered,50,35,55,15,25,25,72,0,0,2,0,0,0
267,Beautifly,MEDIUM_FAST,True,127,10,284,BUG|FLYING,bug,Untiered,60,70,50,65,100,50,173,0,0,0,0,3,0
268,Cascoon,MEDIUM_FAST,True,127,7,115,BUG|BUG,bug,Untiered,50,35,55,15,25,25,41,0,0,2,0,0,0
269,Dustox,MEDIUM_FAST,True,127,12,316,BUG|POISON,bug,Untiered,60,50,70,65,50,90,135,0,0,0,0,0,3
270,Lotad,MEDIUM_SLOW,True,127,5,26,WATER|GRASS,water a|plant,Untiered,40,30,30,30,40,50,44,0,0,0,0,0,1
271,Lombre,MEDIUM_SLOW,True,127,12,325,WATER|GRASS,water a|plant,Untiered,60,50,50,50,60,70,119,0,0,0,0,0,2
272,Ludicolo,MEDIUM_SLOW,True,127,15,550,WATER|GRASS,water a|plant,Untiered,80,70,70,70,90,100,216,0,0,0,0,0,3
273,Seedot,MEDIUM_SLOW,True,127,5,40,GRASS|GRASS,field|plant,Untiered,40,40,50,30,30,30,44,0,0,1,0,0,0
274,Nuzleaf,MEDIUM_SLOW,True,127,10,280,GRASS|DARK,field|plant,Untiered,70,70,40,60,60,40,119,0,2,0,0,0,0
275,Shiftry,MEDIUM_SLOW,True,127,13,596,GRASS|DARK,field|plant,Untiered,90,100,60,80,90,60,216,0,3,0,0,0,0
276,Taillow,MEDIUM_SLOW,True,127,3,23,NORMAL|FLYING,flying,Untiered,40,55,30,85,30,30,54,0,0,0,1,0,0
277,Swellow,MEDIUM_SLOW,True,127,7,198,NORMAL|FLYING,flying,Untiered,60,85,60,125,75,50,151,0,0,0,2,0,0
278,Wingull,MEDIUM_FAST,True,127,6,95,WATER|FLYING,water a|flying,Untiered,40,30,30,85,55,30,54,0,0,0,1,0,0
279,Pelipper,MEDIUM_FAST,True,127,12,280,WATER|FLYING,water a|flying,Over Used,60,50,100,65,95,70,151,0,0,2,0,0,0
280,Ralts,SLOW,True,127,4,66,PSYCHIC|PSYCHIC,chaos|humanoid,Untiered,28,25,25,40,45,35,40,0,0,0,0,1,0
281,Kirlia,SLOW,True,127,8,202,PSYCHIC|PSYCHIC,chaos|humanoid,Untiered,38,35,35,50,65,55,97,0,0,0,0,2,0
282,Gardevoir,SLOW,True,127,16,484,PSYCHIC|PSYCHIC,chaos|humanoid,Untiered,68,65,65,80,125,115,233,0,0,0,0,3,0
283,Surskit,MEDIUM_FAST,True,127,5,17,BUG|WATER,water a|bug,Untiered,40,30,32,65,50,52,54,0,0,0,1,0,0
284,Masquerain,MEDIUM_FAST,True,127,8,36,BUG|FLYING,water a|bug,Untiered,70,60,62,80,100,82,145,0,0,0,0,1,1
285,Shroomish,FLUCTUATING,True,127,4,45,GRASS|GRASS,fairy|plant,Untiered,60,40,60,35,40,60,59,1,0,0,0,0,0
286,Breloom,FLUCTUATING,True,127,12,392,GRASS|FIGHTING,fairy|plant,Over Used,60,130,80,70,60,60,161,0,2,0,0,0,0
287,Slakoth,SLOW,True,127,8,240,NORMAL|NORMAL,field,Untiered,60,60,60,30,35,35,56,1,0,0,0,0,0
288,Vigoroth,SLOW,True,127,14,465,NORMAL|NORMAL,field,Untiered,80,80,80,90,55,55,154,0,0,0,2,0,0
289,Slaking,SLOW,True,127,20,1305,NORMAL|NORMAL,field,Untiered,150,160,100,100,95,65,252,3,0,0,0,0,0
290,Nincada,ERRATIC,True,127,5,55,BUG|GROUND,bug,Untiered,31,45,90,40,30,30,53,0,0,1,0,0,0
291,Ninjask,ERRATIC,True,127,8,120,BUG|FLYING,bug,Never Used,61,90,45,160,50,50,160,0,0,0,2,0,0
292,Shedinja,ERRATIC,True,255,8,12,BUG|GHOST,cannot breed,Untiered,1,90,45,40,30,30,83,2,0,0,0,0,0
293,Whismur,MEDIUM_SLOW,True,127,6,163,NORMAL|NORMAL,monster|field,Untiered,64,51,23,28,51,23,48,1,0,0,0,0,0
294,Loudred,MEDIUM_SLOW,True,127,10,405,NORMAL|NORMAL,monster|field,Untiered,84,71,43,48,71,43,126,2,0,0,0,0,0
295,Exploud,MEDIUM_SLOW,True,127,15,840,NORMAL|NORMAL,monster|field,Untiered,104,91,63,68,91,73,216,3,0,0,0,0,0
296,Makuhita,FLUCTUATING,True,63,10,864,FIGHTING|FIGHTING,humanoid,Untiered,72,60,30,25,20,30,47,1,0,0,0,0,0
297,Hariyama,FLUCTUATING,True,63,23,2538,FIGHTING|FIGHTING,humanoid,Never Used,144,120,60,50,40,60,166,2,0,0,0,0,0
298,Azurill,FAST,True,191,2,20,NORMAL|NORMAL,cannot breed,Untiered,50,20,40,20,20,40,38,1,0,0,0,0,0
299,Nosepass,MEDIUM_FAST,True,127,10,970,ROCK|ROCK,mineral,Untiered,30,45,135,30,45,90,75,0,0,1,0,0,0
300,Skitty,FAST,True,191,6,110,NORMAL|NORMAL,field|fairy,Untiered,50,45,45,50,35,35,52,0,0,0,1,0,0
301,Delcatty,FAST,True,191,11,326,NORMAL|NORMAL,field|fairy,Untiered,70,65,65,90,55,55,133,1,0,0,1,0,0
302,Sableye,MEDIUM_SLOW,True,127,5,110,DARK|GHOST,humanoid,Under Used,50,75,75,50,65,65,133,0,1,1,0,0,0
303,Mawile,FAST,True,127,6,115,STEEL|STEEL,field|fairy,Untiered,50,85,85,50,55,55,133,0,1,1,0,0,0
304,Aron,SLOW,True,127,4,600,STEEL|ROCK,monster,Untiered,50,70,100,30,40,40,66,0,0,1,0,0,0
305,Lairon,SLOW,True,127,9,1200,STEEL|ROCK,monster,Untiered,60,90,140,40,50,50,151,0,0,2,0,0,0
306,Aggron,SLOW,True,127,21,3600,STEEL|ROCK,monster,Untiered,70,110,180,50,60,60,239,0,0,3,0,0,0
307,Meditite,MEDIUM_FAST,True,127,6,112,FIGHTING|PSYCHIC,humanoid,Untiered,30,40,55,60,40,55,56,0,0,0,1,0,0
308,Medicham,MEDIUM_FAST,True,127,13,315,FIGHTING|PSYCHIC,humanoid,Under Used,60,60,75,80,60,75,144,0,0,0,2,0,0
309,Electrike,SLOW,True,127,6,152,ELECTRIC|ELECTRIC,field,Untiered,40,45,40,65,65,40,59,0,0,0,1,0,0
310,Manectric,SLOW,True,127,15,402,ELECTRIC|ELECTRIC,field,Untiered,70,75,60,105,105,60,166,0,0,0,2,0,0
311,Plusle,MEDIUM_FAST,True,127,4,42,ELECTRIC|ELECTRIC,fairy,Untiered,60,50,40,95,85,75,142,0,0,0,1,0,0
312,Minun,MEDIUM_FAST,True,127,4,42,ELECTRIC|ELECTRIC,fairy,Untiered,60,40,50,95,75,85,142,0,0,0,1,0,0
313,Volbeat,ERRATIC,True,0,7,177,BUG|BUG,bug|humanoid,Untiered,65,73,75,85,47,85,140,0,0,0,1,0,0
314,Illumise,FLUCTUATING,True,254,6,177,BUG|BUG,bug|humanoid,Untiered,65,47,75,85,73,85,140,0,0,0,1,0,0
315,Roselia,MEDIUM_SLOW,True,127,3,20,GRASS|POISON,fairy|plant,Untiered,50,60,45,65,100,80,140,0,0,0,0,2,0
316,Gulpin,FLUCTUATING,True,127,4,103,POISON|POISON,chaos,Untiered,70,43,53,40,43,53,60,1,0,0,0,0,0
317,Swalot,FLUCTUATING,True,127,17,800,POISON|POISON,chaos,Untiered,100,73,83,55,73,83,163,2,0,0,0,0,0
318,Carvanha,SLOW,True,127,8,208,WATER|DARK,water b,Untiered,45,90,20,65,65,20,61,0,1,0,0,0,0
319,Sharpedo,SLOW,True,127,18,888,WATER|DARK,water b,Never Used,70,120,40,95,95,40,161,0,2,0,0,0,0
320,Wailmer,FLUCTUATING,True,127,20,1300,WATER|WATER,field|water b,Untiered,130,70,35,60,70,35,80,1,0,0,0,0,0
321,Wailord,FLUCTUATING,True,127,145,3980,WATER|WATER,field|water b,Untiered,170,90,45,60,90,45,175,2,0,0,0,0,0
322,Numel,MEDIUM_FAST,True,127,7,240,FIRE|GROUND,field,Untiered,60,60,40,35,65,45,61,0,0,0,0,1,0
323,Camerupt,MEDIUM_FAST,True,127,19,2200,FIRE|GROUND,field,Untiered,70,100,70,40,105,75,161,0,1,0,0,1,0
324,Torkoal,MEDIUM_FAST,True,127,5,804,FIRE|FIRE,field,Over Used,70,85,140,20,85,70,165,0,0,2,0,0,0
325,Spoink,FAST,True,127,7,306,PSYCHIC|PSYCHIC,field,Untiered,60,25,35,60,70,80,66,0,0,0,0,0,1
326,Grumpig,FAST,True,127,9,715,PSYCHIC|PSYCHIC,field,Untiered,80,45,65,80,90,110,165,0,0,0,0,0,2
327,Spinda,FAST,True,127,11,50,NORMAL|NORMAL,field|humanoid,Untiered,60,60,60,60,60,60,126,0,0,0,0,1,0
328,Trapinch,MEDIUM_SLOW,True,127,7,150,GROUND|GROUND,bug|dragon,Untiered,45,100,45,10,45,45,58,0,1,0,0,0,0
329,Vibrava,MEDIUM_SLOW,True,127,11,153,GROUND|DRAGON,bug|dragon,Untiered,50,70,50,70,50,50,119,0,1,0,1,0,0
330,Flygon,MEDIUM_SLOW,True,127,20,820,GROUND|DRAGON,bug|dragon,Under Used,80,100,80,100,80,80,234,0,1,0,2,0,0
331,Cacnea,MEDIUM_SLOW,True,127,4,513,GRASS|GRASS,plant|humanoid,Untiered,50,85,40,35,85,40,67,0,0,0,0,1,0
332,Cacturne,MEDIUM_SLOW,True,127,13,774,GRASS|DARK,plant|humanoid,Untiered,70,115,60,55,115,60,166,0,1,0,0,1,0
333,Swablu,ERRATIC,True,127,4,12,NORMAL|FLYING,flying|dragon,Untiered,45,40,60,50,40,75,62,0,0,0,0,0,1
334,Altaria,ERRATIC,True,127,11,206,DRAGON|FLYING,flying|dragon,Never Used,75,70,90,80,70,105,172,0,0,0,0,0,2
335,Zangoose,ERRATIC,True,127,13,403,NORMAL|NORMAL,field,Untiered,73,115,60,90,60,60,160,0,2,0,0,0,0
336,Seviper,FLUCTUATING,True,127,27,525,POISON|POISON,field|dragon,Untiered,73,100,60,65,100,60,160,0,1,0,0,1,0
337,Lunatone,FAST,True,255,10,1680,ROCK|PSYCHIC,genderless,Untiered,90,55,65,70,95,85,154,0,0,0,0,2,0
338,Solrock,FAST,True,255,12,1540,ROCK|PSYCHIC,genderless,Untiered,90,95,85,70,55,65,154,0,2,0,0,0,0
339,Barboach,MEDIUM_FAST,True,127,4,19,WATER|GROUND,water b,Untiered,50,48,43,60,46,41,58,1,0,0,0,0,0
340,Whiscash,MEDIUM_FAST,True,127,9,236,WATER|GROUND,water b,Untiered,110,78,73,60,76,71,164,2,0,0,0,0,0
341,Corphish,FLUCTUATING,True,127,6,115,WATER|WATER,water a|water c,Untiered,43,80,65,35,50,35,62,0,1,0,0,0,0
342,Crawdaunt,FLUCTUATING,True,127,11,328,WATER|DARK,water a|water c,Over Used,63,120,85,55,90,55,164,0,2,0,0,0,0
343,Baltoy,MEDIUM_FAST,True,255,5,215,GROUND|PSYCHIC,genderless,Untiered,40,40,55,55,40,70,60,0,0,0,0,0,1
344,Claydol,MEDIUM_FAST,True,255,15,1080,GROUND|PSYCHIC,genderless,Untiered,60,70,105,75,70,120,175,0,0,0,0,0,2
345,Lileep,ERRATIC,True,31,10,238,ROCK|GRASS,water c,Untiered,66,41,77,23,61,87,71,0,0,0,0,0,1
346,Cradily,ERRATIC,True,31,15,604,ROCK|GRASS,water c,Untiered,86,81,97,43,81,107,173,0,0,0,0,0,2
347,Anorith,ERRATIC,True,31,7,125,ROCK|BUG,water c,Untiered,45,95,50,75,40,50,71,0,1,0,0,0,0
348,Armaldo,ERRATIC,True,31,15,682,ROCK|BUG,water c,Untiered,75,125,100,45,70,80,173,0,2,0,0,0,0
349,Feebas,ERRATIC,True,127,6,74,WATER|WATER,water a|dragon,Untiered,20,15,20,80,10,55,40,0,0,0,1,0,0
350,Milotic,ERRATIC,True,127,62,1620,WATER|WATER,water a|dragon,Never Used,95,60,79,81,100,125,189,0,0,0,0,0,2
351,Castform,MEDIUM_FAST,True,127,3,8,NORMAL|NORMAL,fairy|chaos,Untiered,70,70,70,70,70,70,147,1,0,0,0,0,0
352,Kecleon,MEDIUM_SLOW,True,127,10,220,NORMAL|NORMAL,field,Untiered,60,90,70,40,60,120,154,0,0,0,0,0,1
353,Shuppet,FAST,True,127,6,23,GHOST|GHOST,chaos,Untiered,44,75,35,45,63,33,59,0,1,0,0,0,0
354,Banette,FAST,True,127,11,125,GHOST|GHOST,chaos,Untiered,64,115,65,65,83,63,159,0,2,0,0,0,0
355,Duskull,FAST,True,127,8,150,GHOST|GHOST,chaos,Untiered,20,40,90,25,30,90,59,0,0,0,0,0,1
356,Dusclops,FAST,True,127,16,306,GHOST|GHOST,chaos,Never Used,40,70,130,25,60,130,159,0,0,1,0,0,1
357,Tropius,SLOW,True,127,20,1000,GRASS|FLYING,monster|plant,Untiered,99,68,83,51,72,87,161,2,0,0,0,0,0
358,Chimecho,FAST,True,127,6,10,PSYCHIC|PSYCHIC,chaos,Untiered,75,50,80,65,95,90,149,0,0,0,0,1,1
359,Absol,MEDIUM_SLOW,True,127,12,470,DARK|DARK,field,Untiered,65,130,60,75,75,60,163,0,2,0,0,0,0
360,Wynaut,MEDIUM_FAST,True,127,6,140,PSYCHIC|PSYCHIC,cannot breed,Untiered,95,23,48,23,23,48,52,1,0,0,0,0,0
361,Snorunt,MEDIUM_FAST,True,127,7,168,ICE|ICE,fairy|mineral,Untiered,50,50,50,50,50,50,60,1,0,0,0,0,0
362,Glalie,MEDIUM_FAST,True,127,15,2565,ICE|ICE,fairy|mineral,Untiered,80,80,80,80,80,80,168,2,0,0,0,0,0
363,Spheal,MEDIUM_SLOW,True,127,8,395,ICE|WATER,water a|field,Untiered,70,40,50,25,55,50,58,1,0,0,0,0,0
364,Sealeo,MEDIUM_SLOW,True,127,11,876,ICE|WATER,water a|field,Untiered,90,60,70,45,75,70,144,2,0,0,0,0,0
365,Walrein,MEDIUM_SLOW,True,127,14,1506,ICE|WATER,water a|field,Untiered,110,80,90,65,95,90,239,3,0,0,0,0,0
366,Clamperl,ERRATIC,True,127,4,525,WATER|WATER,water a,Untiered,35,64,85,32,74,55,69,0,0,1,0,0,0
367,Huntail,ERRATIC,True,127,17,270,WATER|WATER,water a,Untiered,55,104,105,52,94,75,170,0,1,1,0,0,0
368,Gorebyss,ERRATIC,True,127,18,226,WATER|WATER,water a,Untiered,55,84,105,52,114,75,170,0,0,0,0,2,0
369,Relicanth,SLOW,True,31,10,234,WATER|ROCK,water a|water b,Untiered,100,90,130,55,45,65,170,1,0,1,0,0,0
370,Luvdisc,FAST,True,191,6,87,WATER|WATER,water b,Untiered,43,30,55,97,40,65,116,0,0,0,1,0,0
371,Bagon,SLOW,True,127,6,421,DRAGON|DRAGON,dragon,Untiered,45,75,60,50,40,30,60,0,1,0,0,0,0
372,Shelgon,SLOW,True,127,11,1105,DRAGON|DRAGON,dragon,Untiered,65,95,100,50,60,50,147,0,0,2,0,0,0
373,Salamence,SLOW,True,127,15,1026,DRAGON|FLYING,dragon,Under Used,95,135,80,100,110,80,270,0,3,0,0,0,0
374,Beldum,SLOW,True,255,6,952,STEEL|PSYCHIC,genderless,Untiered,40,55,80,30,35,60,60,0,0,1,0,0,0
375,Metang,SLOW,True,255,12,2025,STEEL|PSYCHIC,genderless,Untiered,60,75,100,50,55,80,147,0,0,2,0,0,0
376,Metagross,SLOW,True,255,16,5500,STEEL|PSYCHIC,genderless,Over Used,80,135,130,70,95,90,270,0,0,3,0,0,0
377,Regirock,SLOW,False,255,17,2300,ROCK|ROCK,cannot breed,Ubers,80,100,200,50,50,100,261,0,0,3,0,0,0
378,Regice,SLOW,False,255,18,1750,ICE|ICE,cannot breed,Ubers,80,50,100,50,100,200,261,0,0,0,0,0,3
379,Registeel,SLOW,False,255,19,2050,STEEL|STEEL,cannot breed,Ubers,80,75,150,50,75,150,261,0,0,2,0,0,1
380,Latias,SLOW,False,254,14,400,DRAGON|PSYCHIC,cannot breed,Ubers,80,80,90,110,110,130,270,0,0,0,0,0,3
381,Latios,SLOW,False,0,20,600,DRAGON|PSYCHIC,cannot breed,Ubers,80,90,80,110,130,110,270,0,0,0,0,3,0
382,Kyogre,SLOW,False,255,45,3520,WATER|WATER,cannot breed,Ubers,100,100,90,90,150,140,302,0,0,0,0,3,0
383,Groudon,SLOW,False,255,35,9500,GROUND|GROUND,cannot breed,Ubers,100,150,140,90,100,90,302,0,3,0,0,0,0
384,Rayquaza,SLOW,True,255,70,2065,DRAGON|FLYING,cannot breed,Ubers,105,150,90,95,150,90,306,0,2,0,0,1,0
385,Jirachi,SLOW,True,255,3,11,STEEL|PSYCHIC,cannot breed,Over Used,100,100,100,100,100,100,270,3,0,0,0,0,0
386,Deoxys,SLOW,False,255,17,608,PSYCHIC|PSYCHIC,cannot breed,Ubers,50,150,50,150,150,50,270,0,1,0,1,1,0
387,Turtwig,MEDIUM_SLOW,True,31,4,102,GRASS|GRASS,monster|plant,Untiered,55,68,64,31,45,55,64,0,1,0,0,0,0
388,Grotle,MEDIUM_SLOW,True,31,11,970,GRASS|GRASS,monster|plant,Untiered,75,89,85,36,55,65,142,0,1,1,0,0,0
389,Torterra,MEDIUM_SLOW,True,31,22,3100,GRASS|GROUND,monster|plant,Never Used,95,109,105,56,75,85,236,0,2,1,0,0,0
390,Chimchar,MEDIUM_SLOW,True,31,5,62,FIRE|FIRE,field|humanoid,Untiered,44,58,44,61,58,44,62,0,0,0,1,0,0
391,Monferno,MEDIUM_SLOW,True,31,9,220,FIRE|FIGHTING,field|humanoid,Untiered,64,78,52,81,78,52,142,0,0,0,1,1,0
392,Infernape,MEDIUM_SLOW,True,31,12,550,FIRE|FIGHTING,field|humanoid,Over Used,76,104,71,108,104,71,240,0,1,0,1,1,0
393,Piplup,MEDIUM_SLOW,True,31,4,52,WATER|WATER,water a|field,Untiered,53,51,53,40,61,56,63,0,0,0,0,1,0
394,Prinplup,MEDIUM_SLOW,True,31,8,230,WATER|WATER,water a|field,Untiered,64,66,68,50,81,76,142,0,0,0,0,2,0
395,Empoleon,MEDIUM_SLOW,True,31,17,845,WATER|STEEL,water a|field,Over Used,84,86,88,60,111,101,239,0,0,0,0,3,0
396,Starly,MEDIUM_SLOW,True,127,3,20,NORMAL|FLYING,flying,Untiered,40,55,30,60,30,30,49,0,0,0,1,0,0
397,Staravia,MEDIUM_SLOW,True,127,6,155,NORMAL|FLYING,flying,Untiered,55,75,50,80,40,40,119,0,0,0,2,0,0
398,Staraptor,MEDIUM_SLOW,True,127,12,249,NORMAL|FLYING,flying,Over Used,85,120,70,100,50,60,214,0,3,0,0,0,0
399,Bidoof,MEDIUM_FAST,True,127,5,200,NORMAL|NORMAL,water a|field,Untiered,59,45,40,31,35,40,50,1,0,0,0,0,0
400,Bibarel,MEDIUM_FAST,True,127,10,315,NORMAL|WATER,water a|field,Untiered,79,85,60,71,55,60,144,0,2,0,0,0,0
401,Kricketot,MEDIUM_SLOW,True,127,3,22,BUG|BUG,bug,Untiered,37,25,41,25,25,41,39,0,0,1,0,0,0
402,Kricketune,MEDIUM_SLOW,True,127,10,255,BUG|BUG,bug,Untiered,77,85,51,65,55,51,134,0,2,0,0,0,0
403,Shinx,MEDIUM_SLOW,True,127,5,95,ELECTRIC|ELECTRIC,field,Untiered,45,65,34,45,40,34,53,0,1,0,0,0,0
404,Luxio,MEDIUM_SLOW,True,127,9,305,ELECTRIC|ELECTRIC,field,Untiered,60,85,49,60,60,49,127,0,2,0,0,0,0
405,Luxray,MEDIUM_SLOW,True,127,14,420,ELECTRIC|ELECTRIC,field,Untiered,80,120,79,70,95,79,235,0,3,0,0,0,0
406,Budew,MEDIUM_SLOW,True,127,2,12,GRASS|POISON,cannot breed,Untiered,40,30,35,55,50,70,56,0,0,0,0,1,0
407,Roserade,MEDIUM_SLOW,True,127,9,145,GRASS|POISON,fairy|plant,Never Used,60,70,65,90,125,105,227,0,0,0,0,3,0
408,Cranidos,ERRATIC,True,31,9,315,ROCK|ROCK,monster,Untiered,67,125,40,58,30,30,70,0,1,0,0,0,0
409,Rampardos,ERRATIC,True,31,16,1025,ROCK|ROCK,monster,Untiered,97,165,60,58,65,50,173,0,2,0,0,0,0
410,Shieldon,ERRATIC,True,31,5,570,ROCK|STEEL,monster,Untiered,30,42,118,30,42,88,70,0,0,1,0,0,0
411,Bastiodon,ERRATIC,True,31,13,1495,ROCK|STEEL,monster,Untiered,60,52,168,30,47,138,173,0,0,2,0,0,0
412,Burmy,MEDIUM_FAST,True,127,2,34,BUG|BUG,bug,Untiered,40,29,45,36,29,45,45,0,0,0,0,0,1
413,Wormadam,MEDIUM_FAST,True,254,5,65,BUG|GRASS,bug,Untiered,60,59,85,36,79,105,148,0,0,0,0,0,2
414,Mothim,MEDIUM_FAST,True,0,9,233,BUG|FLYING,bug,Untiered,70,94,50,66,94,50,148,0,1,0,0,1,0
415,Combee,MEDIUM_SLOW,True,31,3,55,BUG|FLYING,bug,Untiered,30,30,42,70,30,42,49,0,0,0,1,0,0
416,Vespiquen,MEDIUM_SLOW,True,254,12,385,BUG|FLYING,bug,Untiered,70,80,102,40,80,102,166,0,0,1,0,0,1
417,Pachirisu,MEDIUM_FAST,True,127,4,39,ELECTRIC|ELECTRIC,field|fairy,Untiered,60,45,70,95,45,90,142,0,0,0,1,0,0
418,Buizel,MEDIUM_FAST,True,127,7,295,WATER|WATER,water a|field,Untiered,55,65,35,85,60,30,66,0,0,0,1,0,0
419,Floatzel,MEDIUM_FAST,True,127,11,335,WATER|WATER,water a|field,Untiered,85,105,55,115,85,50,173,0,0,0,2,0,0
420,Cherubi,MEDIUM_FAST,True,127,4,33,GRASS|GRASS,fairy|plant,Untiered,45,35,45,35,62,53,55,0,0,0,0,1,0
421,Cherrim,MEDIUM_FAST,True,127,5,93,GRASS|GRASS,fairy|plant,Untiered,70,60,70,85,87,78,158,0,0,0,0,2,0
422,Shellos,MEDIUM_FAST,True,127,3,63,WATER|WATER,water a|chaos,Untiered,76,48,48,34,57,62,65,1,0,0,0,0,0
423,Gastrodon,MEDIUM_FAST,True,127,9,299,WATER|GROUND,water a|chaos,Over Used,111,83,68,39,92,82,166,2,0,0,0,0,0
424,Ambipom,FAST,True,127,12,203,NORMAL|NORMAL,field,Under Used,75,100,66,115,60,66,169,0,0,0,2,0,0
425,Drifloon,FLUCTUATING,True,127,4,12,GHOST|FLYING,chaos,Untiered,90,50,34,70,60,44,70,1,0,0,0,0,0
426,Drifblim,FLUCTUATING,True,127,12,150,GHOST|FLYING,chaos,Untiered,150,80,44,80,90,54,174,2,0,0,0,0,0
427,Buneary,MEDIUM_FAST,True,127,4,55,NORMAL|NORMAL,field|humanoid,Untiered,55,66,44,85,44,56,70,0,0,0,1,0,0
428,Lopunny,MEDIUM_FAST,True,127,12,333,NORMAL|NORMAL,field|humanoid,Untiered,65,76,84,105,54,96,168,0,0,0,2,0,0
429,Mismagius,FAST,True,127,9,44,GHOST|GHOST,chaos,Under Used,60,60,60,105,105,105,173,0,0,0,0,1,1
430,Honchkrow,MEDIUM_SLOW,True,127,9,273,DARK|FLYING,flying,Never Used,100,125,52,71,105,52,177,0,2,0,0,0,0
431,Glameow,FAST,True,191,5,39,NORMAL|NORMAL,field,Untiered,49,55,42,85,42,37,62,0,0,0,1,0,0
432,Purugly,FAST,True,191,10,438,NORMAL|NORMAL,field,Untiered,71,82,64,112,64,59,158,0,0,0,2,0,0
433,Chingling,FAST,True,127,2,6,PSYCHIC|PSYCHIC,cannot breed,Untiered,45,30,50,45,65,50,57,0,0,0,0,1,0
434,Stunky,MEDIUM_FAST,True,127,4,192,POISON|DARK,field,Untiered,63,63,47,74,41,41,66,0,0,0,1,0,0
435,Skuntank,MEDIUM_FAST,True,127,10,380,POISON|DARK,field,Never Used,103,93,67,84,71,61,168,2,0,0,0,0,0
436,Bronzor,MEDIUM_FAST,True,255,5,605,STEEL|PSYCHIC,genderless,Never Used,57,24,86,23,24,86,60,0,0,1,0,0,0
437,Bronzong,MEDIUM_FAST,True,255,13,1870,STEEL|PSYCHIC,genderless,Under Used,67,89,116,33,79,116,175,0,0,1,0,0,1
438,Bonsly,MEDIUM_FAST,True,127,5,150,ROCK|ROCK,cannot breed,Untiered,50,80,95,10,10,45,58,0,0,1,0,0,0
439,Mime Jr.,MEDIUM_FAST,True,127,6,130,PSYCHIC|PSYCHIC,cannot breed,Untiered,20,25,45,60,70,90,62,0,0,0,0,0,1
440,Happiny,FAST,True,254,6,244,NORMAL|NORMAL,cannot breed,Untiered,100,5,5,30,15,65,110,1,0,0,0,0,0
441,Chatot,MEDIUM_SLOW,True,127,5,19,NORMAL|FLYING,flying,Untiered,76,65,45,91,92,42,144,0,1,0,0,0,0
442,Spiritomb,MEDIUM_FAST,True,127,10,1080,GHOST|DARK,chaos,Under Used,50,92,108,35,92,108,170,0,0,1,0,0,1
443,Gible,SLOW,True,127,7,205,DRAGON|GROUND,monster|dragon,Untiered,58,70,45,42,40,45,60,0,1,0,0,0,0
444,Gabite,SLOW,True,127,14,560,DRAGON|GROUND,monster|dragon,Untiered,68,90,65,82,50,55,144,0,2,0,0,0,0
445,Garchomp,SLOW,True,127,19,950,DRAGON|GROUND,monster|dragon,Over Used,108,130,95,102,80,85,270,0,3,0,0,0,0
446,Munchlax,SLOW,True,31,6,1050,NORMAL|NORMAL,cannot breed,Untiered,135,85,40,5,40,85,78,1,0,0,0,0,0
447,Riolu,MEDIUM_SLOW,True,31,7,202,FIGHTING|FIGHTING,cannot breed,Untiered,40,70,40,60,35,40,57,0,1,0,0,0,0
448,Lucario,MEDIUM_SLOW,True,31,12,540,FIGHTING|STEEL,field|humanoid,Under Used,70,110,70,90,115,70,184,0,1,0,0,1,0
449,Hippopotas,SLOW,True,127,8,495,GROUND|GROUND,field,Untiered,68,72,78,32,38,42,66,0,0,1,0,0,0
450,Hippowdon,SLOW,True,127,20,3000,GROUND|GROUND,field,Under Used,108,112,118,47,68,72,184,0,0,2,0,0,0
451,Skorupi,SLOW,True,127,8,120,POISON|BUG,bug|water c,Untiered,40,50,90,65,30,55,66,0,0,1,0,0,0
452,Drapion,SLOW,True,127,13,615,POISON|DARK,bug|water c,Never Used,70,90,110,95,60,75,175,0,0,2,0,0,0
453,Croagunk,MEDIUM_FAST,True,127,7,230,POISON|FIGHTING,humanoid,Untiered,48,61,40,50,61,40,60,0,1,0,0,0,0
454,Toxicroak,MEDIUM_FAST,True,127,13,444,POISON|FIGHTING,humanoid,Never Used,83,106,65,85,86,65,172,0,2,0,0,0,0
455,Carnivine,SLOW,True,127,14,270,GRASS|GRASS,plant,Untiered,74,100,72,46,90,72,159,0,2,0,0,0,0
456,Finneon,ERRATIC,True,127,4,70,WATER|WATER,water b,Untiered,49,49,56,66,49,61,66,0,0,0,1,0,0
457,Lumineon,ERRATIC,True,127,12,240,WATER|WATER,water b,Untiered,69,69,76,91,69,86,161,0,0,0,2,0,0
458,Mantyke,SLOW,True,127,10,650,WATER|FLYING,cannot breed,Untiered,45,20,50,50,60,120,69,0,0,0,0,0,1
459,Snover,SLOW,True,127,10,505,GRASS|ICE,monster|plant,Untiered,60,62,50,40,62,60,67,0,1,0,0,0,0
460,Abomasnow,SLOW,True,127,22,1355,GRASS|ICE,monster|plant,Untiered,90,92,75,60,92,85,173,0,1,0,0,1,0
461,Weavile,MEDIUM_SLOW,True,127,11,340,DARK|ICE,field,Over Used,70,120,65,125,45,85,179,0,1,0,1,0,0
462,Magnezone,MEDIUM_FAST,True,255,12,1800,ELECTRIC|STEEL,genderless,Over Used,70,70,115,60,130,90,241,0,0,0,0,3,0
463,Lickilicky,MEDIUM_FAST,True,127,17,1400,NORMAL|NORMAL,monster,Untiered,110,85,95,50,80,95,180,3,0,0,0,0,0
464,Rhyperior,SLOW,True,127,24,2828,GROUND|ROCK,monster|field,Under Used,115,140,130,40,55,55,241,0,3,0,0,0,0
465,Tangrowth,MEDIUM_FAST,True,127,20,1286,GRASS|GRASS,plant,Under Used,100,100,125,50,110,50,187,0,0,2,0,0,0
466,Electivire,MEDIUM_FAST,True,63,18,1386,ELECTRIC|ELECTRIC,humanoid,Untiered,75,123,67,95,95,85,243,0,3,0,0,0,0
467,Magmortar,MEDIUM_FAST,True,63,16,680,FIRE|FIRE,humanoid,Untiered,75,95,67,83,125,95,243,0,0,0,0,3,0
468,Togekiss,FAST,True,31,15,380,NORMAL|FLYING,flying|fairy,Under Used,85,50,95,80,120,115,245,0,0,0,0,2,1
469,Yanmega,MEDIUM_FAST,True,127,19,515,BUG|FLYING,bug,Under Used,86,76,86,95,116,56,180,0,2,0,0,0,0
470,Leafeon,MEDIUM_FAST,True,31,10,255,GRASS|GRASS,field,Untiered,65,110,130,95,60,65,184,0,0,2,0,0,0
471,Glaceon,MEDIUM_FAST,True,31,8,259,ICE|ICE,field,Untiered,65,60,110,65,130,95,184,0,0,0,0,2,0
472,Gliscor,MEDIUM_SLOW,True,127,20,425,GROUND|FLYING,bug,Over Used,75,95,125,95,45,75,179,0,0,2,0,0,0
473,Mamoswine,SLOW,True,127,25,2910,ICE|GROUND,field,Over Used,110,130,80,80,70,60,239,0,3,0,0,0,0
474,Porygon-Z,MEDIUM_FAST,True,255,9,340,NORMAL|NORMAL,genderless,Under Used,85,80,70,90,135,75,241,0,0,0,0,3,0
475,Gallade,SLOW,True,0,16,520,PSYCHIC|FIGHTING,chaos|humanoid,Never Used,68,125,65,80,65,115,233,0,3,0,0,0,0
476,Probopass,MEDIUM_FAST,True,127,14,3400,ROCK|STEEL,mineral,Untiered,60,55,145,40,75,150,184,0,0,1,0,0,2
477,Dusknoir,FAST,True,127,22,1066,GHOST|GHOST,chaos,Never Used,45,100,135,45,65,135,236,0,0,1,0,0,2
478,Froslass,MEDIUM_FAST,True,254,13,266,ICE|GHOST,fairy|mineral,Never Used,70,80,70,110,80,70,168,0,0,0,2,0,0
479,Rotom,MEDIUM_FAST,True,255,3,3,ELECTRIC|GHOST,genderless,Under Used,50,50,77,91,95,77,154,0,0,0,1,1,0
480,Uxie,SLOW,False,255,3,3,PSYCHIC|PSYCHIC,cannot breed,Ubers,75,75,130,95,75,130,261,0,0,2,0,0,1
481,Mesprit,SLOW,False,255,3,3,PSYCHIC|PSYCHIC,cannot breed,Ubers,80,105,105,80,105,105,261,0,1,0,0,1,1
482,Azelf,SLOW,False,255,3,3,PSYCHIC|PSYCHIC,cannot breed,Ubers,75,125,70,115,125,70,261,0,2,0,0,1,0
483,Dialga,SLOW,False,255,54,6830,STEEL|DRAGON,cannot breed,Ubers,100,120,120,90,150,100,306,0,0,0,0,3,0
484,Palkia,SLOW,False,255,42,3360,WATER|DRAGON,cannot breed,Ubers,90,120,100,100,150,120,306,0,0,0,0,3,0
485,Heatran,SLOW,True,127,17,4300,FIRE|STEEL,cannot breed,Over Used,91,90,106,77,130,106,270,0,0,0,0,3,0
486,Regigigas,SLOW,False,255,37,4200,NORMAL|NORMAL,cannot breed,Ubers,110,160,110,100,80,110,302,0,3,0,0,0,0
487,Giratina,SLOW,False,255,45,7500,GHOST|DRAGON,cannot breed,Ubers,150,100,120,90,100,120,306,3,0,0,0,0,0
488,Cresselia,SLOW,False,254,15,856,PSYCHIC|PSYCHIC,cannot breed,Ubers,120,70,110,85,75,120,270,0,0,0,0,0,3
489,Phione,SLOW,False,255,4,31,WATER|WATER,genderless,Ubers,80,80,80,80,80,80,216,1,0,0,0,0,0
490,Manaphy,SLOW,False,255,3,14,WATER|WATER,genderless,Ubers,100,100,100,100,100,100,270,3,0,0,0,0,0
491,Darkrai,SLOW,True,255,15,505,DARK|DARK,cannot breed,Ubers,70,90,90,125,135,90,270,0,0,0,1,2,0
492,Shaymin,MEDIUM_SLOW,True,255,2,21,GRASS|GRASS,cannot breed,Under Used,100,100,100,100,100,100,270,3,0,0,0,0,0
493,Arceus,SLOW,True,255,32,3200,NORMAL|NORMAL,cannot breed,Ubers,120,120,120,120,120,120,324,3,0,0,0,0,0
494,Victini,SLOW,False,255,4,40,PSYCHIC|FIRE,cannot breed,Ubers,100,100,100,100,100,100,270,3,0,0,0,0,0
495,Snivy,MEDIUM_SLOW,True,31,6,81,GRASS|GRASS,field|plant,Untiered,45,45,55,63,45,55,28,0,0,0,1,0,0
496,Servine,MEDIUM_SLOW,True,31,8,160,GRASS|GRASS,field|plant,Untiered,60,60,75,83,60,75,145,0,0,0,2,0,0
497,Serperior,MEDIUM_SLOW,True,31,33,630,GRASS|GRASS,field|plant,Over Used,75,75,95,113,75,95,238,0,0,0,3,0,0
498,Tepig,MEDIUM_SLOW,True,31,5,99,FIRE|FIRE,field,Untiered,65,63,45,45,45,45,28,1,0,0,0,0,0
499,Pignite,MEDIUM_SLOW,True,31,10,555,FIRE|FIGHTING,field,Untiered,90,93,55,55,70,55,146,0,2,0,0,0,0
500,Emboar,MEDIUM_SLOW,True,31,16,1500,FIRE|FIGHTING,field,Untiered,110,123,65,65,100,65,238,0,3,0,0,0,0
501,Oshawott,MEDIUM_SLOW,True,31,5,59,WATER|WATER,field,Untiered,55,55,45,45,63,45,28,0,0,0,0,1,0
502,Dewott,MEDIUM_SLOW,True,31,8,245,WATER|WATER,field,Untiered,75,75,60,60,83,60,145,0,0,0,0,2,0
503,Samurott,MEDIUM_SLOW,True,31,15,946,WATER|WATER,field,Untiered,95,100,85,70,108,70,238,0,0,0,0,3,0
504,Patrat,MEDIUM_FAST,True,127,5,116,NORMAL|NORMAL,field,Untiered,45,55,39,42,35,39,51,0,1,0,0,0,0
505,Watchog,MEDIUM_FAST,True,127,11,270,NORMAL|NORMAL,field,Untiered,60,85,69,77,60,69,147,0,2,0,0,0,0
506,Lillipup,MEDIUM_SLOW,True,127,4,41,NORMAL|NORMAL,field,Untiered,45,60,45,55,25,45,55,0,1,0,0,0,0
507,Herdier,MEDIUM_SLOW,True,127,9,147,NORMAL|NORMAL,field,Untiered,65,80,65,60,35,65,130,0,2,0,0,0,0
508,Stoutland,MEDIUM_SLOW,True,127,12,610,NORMAL|NORMAL,field,Never Used,85,110,90,80,45,90,221,0,3,0,0,0,0
509,Purrloin,MEDIUM_FAST,True,127,4,101,DARK|DARK,field,Untiered,41,50,37,66,50,37,56,0,0,0,1,0,0
510,Liepard,MEDIUM_FAST,True,127,11,375,DARK|DARK,field,Untiered,64,88,50,106,88,50,156,0,0,0,2,0,0
511,Pansage,MEDIUM_FAST,True,31,6,105,GRASS|GRASS,field,Untiered,50,53,48,64,53,48,63,0,0,0,1,0,0
512,Simisage,MEDIUM_FAST,True,31,11,305,GRASS|GRASS,field,Untiered,75,98,63,101,98,63,174,0,0,0,2,0,0
513,Pansear,MEDIUM_FAST,True,31,6,110,FIRE|FIRE,field,Untiered,50,53,48,64,53,48,63,0,0,0,1,0,0
514,Simisear,MEDIUM_FAST,True,31,10,280,FIRE|FIRE,field,Untiered,75,98,63,101,98,63,174,0,0,0,2,0,0
515,Panpour,MEDIUM_FAST,True,31,6,135,WATER|WATER,field,Untiered,50,53,48,64,53,48,63,0,0,0,1,0,0
516,Simipour,MEDIUM_FAST,True,31,10,290,WATER|WATER,field,Untiered,75,98,63,101,98,63,174,0,0,0,2,0,0
517,Munna,FAST,True,127,6,233,PSYCHIC|PSYCHIC,field,Untiered,76,25,45,24,67,55,58,1,0,0,0,0,0
518,Musharna,FAST,True,127,11,605,PSYCHIC|PSYCHIC,field,Untiered,116,55,85,29,107,95,170,2,0,0,0,0,0
519,Pidove,MEDIUM_SLOW,True,127,3,21,NORMAL|FLYING,flying,Untiered,50,55,50,43,36,30,53,0,1,0,0,0,0
520,Tranquill,MEDIUM_SLOW,True,127,6,150,NORMAL|FLYING,flying,Untiered,62,77,62,65,50,42,125,0,2,0,0,0,0
521,Unfezant,MEDIUM_SLOW,True,127,12,290,NORMAL|FLYING,flying,Untiered,80,115,80,93,65,55,215,0,3,0,0,0,0
522,Blitzle,MEDIUM_FAST,True,127,8,298,ELECTRIC|ELECTRIC,field,Untiered,45,60,32,76,50,32,59,0,0,0,1,0,0
523,Zebstrika,MEDIUM_FAST,True,127,16,795,ELECTRIC|ELECTRIC,field,Untiered,75,100,63,116,80,63,174,0,0,0,2,0,0
524,Roggenrola,MEDIUM_SLOW,True,127,4,180,ROCK|ROCK,mineral,Untiered,55,75,85,15,25,25,56,0,0,1,0,0,0
525,Boldore,MEDIUM_SLOW,True,127,9,1020,ROCK|ROCK,mineral,Untiered,70,105,105,20,50,40,137,0,1,1,0,0,0
526,Gigalith,MEDIUM_SLOW,True,127,17,2600,ROCK|ROCK,mineral,Never Used,85,135,130,25,60,80,227,0,3,0,0,0,0
527,Woobat,MEDIUM_FAST,True,127,4,21,PSYCHIC|FLYING,field|flying,Untiered,65,45,43,72,55,43,63,0,0,0,1,0,0
528,Swoobat,MEDIUM_FAST,True,127,9,105,PSYCHIC|FLYING,field|flying,Untiered,67,57,55,114,77,55,149,0,0,0,2,0,0
529,Drilbur,MEDIUM_FAST,True,127,3,85,GROUND|GROUND,field,Untiered,60,85,40,68,30,45,66,0,1,0,0,0,0
530,Excadrill,MEDIUM_FAST,True,127,7,404,GROUND|STEEL,field,Over Used,110,135,60,88,50,65,178,0,2,0,0,0,0
531,Audino,FAST,True,127,11,310,NORMAL|NORMAL,fairy,Never Used,103,60,86,50,60,86,390,2,0,0,0,0,0
532,Timburr,MEDIUM_SLOW,True,63,6,125,FIGHTING|FIGHTING,humanoid,Untiered,75,80,55,35,25,35,61,0,1,0,0,0,0
533,Gurdurr,MEDIUM_SLOW,True,63,12,400,FIGHTING|FIGHTING,humanoid,Untiered,85,105,85,40,40,50,142,0,2,0,0,0,0
534,Conkeldurr,MEDIUM_SLOW,True,63,14,870,FIGHTING|FIGHTING,humanoid,Over Used,105,140,95,45,55,65,227,0,3,0,0,0,0
535,Tympole,MEDIUM_SLOW,True,127,5,45,WATER|WATER,water a,Untiered,50,50,40,64,50,40,59,0,0,0,1,0,0
536,Palpitoad,MEDIUM_SLOW,True,127,8,170,WATER|GROUND,water a,Untiered,75,65,55,69,65,55,134,2,0,0,0,0,0
537,Seismitoad,MEDIUM_SLOW,True,127,15,620,WATER|GROUND,water a,Under Used,105,95,75,74,85,75,225,3,0,0,0,0,0
538,Throh,MEDIUM_FAST,True,0,13,555,FIGHTING|FIGHTING,humanoid,Untiered,120,100,85,45,30,85,163,2,0,0,0,0,0
539,Sawk,MEDIUM_FAST,True,0,14,510,FIGHTING|FIGHTING,humanoid,Untiered,75,125,75,85,30,75,163,0,2,0,0,0,0
540,Sewaddle,MEDIUM_SLOW,True,127,3,25,BUG|GRASS,bug,Untiered,45,53,70,42,40,60,62,0,0,1,0,0,0
541,Swadloon,MEDIUM_SLOW,True,127,5,73,BUG|GRASS,bug,Untiered,55,63,90,42,50,80,133,0,0,2,0,0,0
542,Leavanny,MEDIUM_SLOW,True,127,12,205,BUG|GRASS,bug,Untiered,75,103,80,92,70,80,221,0,3,0,0,0,0
543,Venipede,MEDIUM_SLOW,True,127,4,53,BUG|POISON,bug,Untiered,30,45,59,57,30,39,52,0,0,1,0,0,0
544,Whirlipede,MEDIUM_SLOW,True,127,12,585,BUG|POISON,bug,Untiered,40,55,99,47,40,79,126,0,0,2,0,0,0
545,Scolipede,MEDIUM_SLOW,True,127,25,2005,BUG|POISON,bug,Under Used,60,100,89,112,55,69,214,0,0,0,3,0,0
546,Cottonee,MEDIUM_FAST,True,127,3,6,GRASS|GRASS,plant|fairy,Untiered,40,27,60,66,37,50,56,0,0,0,1,0,0
547,Whimsicott,MEDIUM_FAST,True,127,7,66,GRASS|GRASS,plant|fairy,Untiered,60,67,85,116,77,75,168,0,0,0,2,0,0
548,Petilil,MEDIUM_FAST,True,254,5,66,GRASS|GRASS,plant,Untiered,45,35,50,30,70,50,56,0,0,0,0,1,0
549,Lilligant,MEDIUM_FAST,True,254,11,163,GRASS|GRASS,plant,Untiered,70,60,75,90,110,75,168,0,0,0,0,2,0
550,Basculin,MEDIUM_FAST,True,127,10,180,WATER|WATER,water b,Untiered,70,92,65,98,80,55,161,0,0,0,2,0,0
551,Sandile,MEDIUM_SLOW,True,127,7,152,GROUND|DARK,field,Untiered,50,72,35,65,35,35,58,0,1,0,0,0,0
552,Krokorok,MEDIUM_SLOW,True,127,10,334,GROUND|DARK,field,Untiered,60,82,45,74,45,45,123,0,2,0,0,0,0
553,Krookodile,MEDIUM_SLOW,True,127,15,963,GROUND|DARK,field,Under Used,95,117,80,92,65,70,229,0,3,0,0,0,0
554,Darumaka,MEDIUM_SLOW,True,127,6,375,FIRE|FIRE,field,Untiered,70,90,45,50,15,45,63,0,1,0,0,0,0
555,Darmanitan,MEDIUM_SLOW,True,127,13,929,FIRE|FIRE,field,Over Used,105,140,55,95,30,55,168,0,2,0,0,0,0
556,Maractus,MEDIUM_FAST,True,127,10,280,GRASS|GRASS,plant,Untiered,75,86,67,60,106,67,161,0,0,0,0,2,0
557,Dwebble,MEDIUM_FAST,True,127,3,145,BUG|ROCK,bug|mineral,Untiered,50,65,85,55,35,35,65,0,0,1,0,0,0
558,Crustle,MEDIUM_FAST,True,127,14,2000,BUG|ROCK,bug|mineral,Untiered,70,105,125,45,65,75,166,0,0,2,0,0,0
559,Scraggy,MEDIUM_FAST,True,127,6,118,DARK|FIGHTING,field|dragon,Untiered,50,75,70,48,35,70,70,0,1,0,0,0,0
560,Scrafty,MEDIUM_FAST,True,127,11,300,DARK|FIGHTING,field|dragon,Never Used,65,90,115,58,45,115,171,0,0,1,0,0,1
561,Sigilyph,MEDIUM_FAST,True,127,14,140,PSYCHIC|FLYING,flying,Under Used,72,58,80,97,103,80,172,0,0,0,0,2,0
562,Yamask,MEDIUM_FAST,True,127,5,15,GHOST|GHOST,mineral|chaos,Untiered,38,30,85,30,55,65,61,0,0,1,0,0,0
563,Cofagrigus,MEDIUM_FAST,True,127,17,765,GHOST|GHOST,mineral|chaos,Under Used,58,50,145,30,95,105,169,0,0,2,0,0,0
564,Tirtouga,MEDIUM_FAST,True,31,7,165,WATER|ROCK,water a|water c,Untiered,54,78,103,22,53,45,71,0,0,1,0,0,0
565,Carracosta,MEDIUM_FAST,True,31,12,810,WATER|ROCK,water a|water c,Untiered,74,108,133,32,83,65,173,0,0,2,0,0,0
566,Archen,MEDIUM_FAST,True,31,5,95,ROCK|FLYING,flying|water c,Untiered,55,112,45,70,74,45,71,0,1,0,0,0,0
567,Archeops,MEDIUM_FAST,True,31,14,320,ROCK|FLYING,flying|water c,Untiered,75,140,65,110,112,65,177,0,2,0,0,0,0
568,Trubbish,MEDIUM_FAST,True,127,6,310,POISON|POISON,mineral,Untiered,50,50,62,65,40,62,66,0,0,0,1,0,0
569,Garbodor,MEDIUM_FAST,True,127,19,1073,POISON|POISON,mineral,Untiered,80,95,82,75,60,82,166,0,2,0,0,0,0
570,Zorua,MEDIUM_SLOW,True,31,7,125,DARK|DARK,field,Untiered,40,65,40,65,80,40,66,0,0,0,0,1,0
571,Zoroark,MEDIUM_SLOW,True,31,16,811,DARK|DARK,field,Never Used,60,105,60,105,120,60,179,0,0,0,0,2,0
572,Minccino,FAST,True,191,4,58,NORMAL|NORMAL,field,Untiered,55,50,40,75,40,40,60,0,0,0,1,0,0
573,Cinccino,FAST,True,191,5,75,NORMAL|NORMAL,field,Untiered,75,95,60,115,65,60,165,0,0,0,2,0,0
574,Gothita,MEDIUM_SLOW,True,191,4,58,PSYCHIC|PSYCHIC,humanoid,Untiered,45,30,50,45,55,65,58,0,0,0,0,0,1
575,Gothorita,MEDIUM_SLOW,True,191,7,180,PSYCHIC|PSYCHIC,humanoid,Untiered,60,45,70,55,75,85,137,0,0,0,0,0,2
576,Gothitelle,MEDIUM_SLOW,True,191,15,440,PSYCHIC|PSYCHIC,humanoid,Untiered,70,55,95,65,95,110,221,0,0,0,0,0,3
577,Solosis,MEDIUM_SLOW,True,127,3,10,PSYCHIC|PSYCHIC,chaos,Untiered,45,30,40,20,105,50,58,0,0,0,0,1,0
578,Duosion,MEDIUM_SLOW,True,127,6,80,PSYCHIC|PSYCHIC,chaos,Untiered,65,40,50,30,125,60,130,0,0,0,0,2,0
579,Reuniclus,MEDIUM_SLOW,True,127,10,201,PSYCHIC|PSYCHIC,chaos,Over Used,110,65,75,30,125,85,221,0,0,0,0,3,0
580,Ducklett,MEDIUM_FAST,True,127,5,55,WATER|FLYING,water a|flying,Untiered,62,44,50,55,44,50,61,1,0,0,0,0,0
581,Swanna,MEDIUM_FAST,True,127,13,242,WATER|FLYING,water a|flying,Untiered,75,87,63,98,87,63,166,0,0,0,2,0,0
582,Vanillite,SLOW,True,127,4,57,ICE|ICE,mineral,Untiered,36,50,50,44,65,60,61,0,0,0,0,1,0
583,Vanillish,SLOW,True,127,11,410,ICE|ICE,mineral,Untiered,51,65,65,59,80,75,138,0,0,0,0,2,0
584,Vanilluxe,SLOW,True,127,13,575,ICE|ICE,mineral,Untiered,71,95,85,79,110,95,241,0,0,0,0,3,0
585,Deerling,MEDIUM_FAST,True,127,6,195,NORMAL|GRASS,field,Untiered,60,60,50,75,40,50,67,0,0,0,1,0,0
586,Sawsbuck,MEDIUM_FAST,True,127,19,925,NORMAL|GRASS,field,Untiered,80,100,70,95,60,70,166,0,2,0,0,0,0
587,Emolga,MEDIUM_FAST,True,127,4,50,ELECTRIC|FLYING,field,Untiered,55,75,60,103,75,60,150,0,0,0,2,0,0
588,Karrablast,MEDIUM_FAST,True,127,5,59,BUG|BUG,bug,Untiered,50,75,45,60,40,45,63,0,1,0,0,0,0
589,Escavalier,MEDIUM_FAST,True,127,10,330,BUG|STEEL,bug,Never Used,70,135,105,20,60,105,173,0,2,0,0,0,0
590,Foongus,MEDIUM_FAST,True,127,2,10,GRASS|POISON,plant,Untiered,69,55,45,15,55,55,59,1,0,0,0,0,0
591,Amoonguss,MEDIUM_FAST,True,127,6,105,GRASS|POISON,plant,Over Used,114,85,70,30,85,80,162,2,0,0,0,0,0
592,Frillish,MEDIUM_FAST,True,127,12,330,WATER|GHOST,chaos,Untiered,55,40,50,40,65,85,67,0,0,0,0,0,1
593,Jellicent,MEDIUM_FAST,True,127,22,1350,WATER|GHOST,chaos,Over Used,100,60,70,60,85,105,168,0,0,0,0,0,2
594,Alomomola,FAST,True,127,12,316,WATER|WATER,water a|water b,Untiered,165,75,80,65,40,45,165,2,0,0,0,0,0
595,Joltik,MEDIUM_FAST,True,127,1,6,BUG|ELECTRIC,bug,Untiered,50,47,50,65,57,50,64,0,0,0,1,0,0
596,Galvantula,MEDIUM_FAST,True,127,8,143,BUG|ELECTRIC,bug,Untiered,70,77,60,108,97,60,165,0,0,0,2,0,0
597,Ferroseed,MEDIUM_FAST,True,127,6,188,GRASS|STEEL,plant|mineral,Untiered,44,50,91,10,24,86,61,0,0,1,0,0,0
598,Ferrothorn,MEDIUM_FAST,True,127,10,1100,GRASS|STEEL,plant|mineral,Over Used,74,94,131,20,54,116,171,0,0,2,0,0,0
599,Klink,MEDIUM_SLOW,True,255,3,210,STEEL|STEEL,genderless,Untiered,40,55,70,30,45,60,60,0,0,1,0,0,0
600,Klang,MEDIUM_SLOW,True,255,6,510,STEEL|STEEL,genderless,Untiered,60,80,95,50,70,85,154,0,0,2,0,0,0
601,Klinklang,MEDIUM_SLOW,True,255,6,810,STEEL|STEEL,genderless,Untiered,60,100,115,90,70,85,234,0,0,3,0,0,0
602,Tynamo,SLOW,True,127,2,3,ELECTRIC|ELECTRIC,chaos,Untiered,35,55,40,60,45,40,55,0,0,0,1,0,0
603,Eelektrik,SLOW,True,127,12,220,ELECTRIC|ELECTRIC,chaos,Untiered,65,85,70,40,75,70,142,0,2,0,0,0,0
604,Eelektross,SLOW,True,127,21,805,ELECTRIC|ELECTRIC,chaos,Never Used,85,115,80,50,105,80,232,0,3,0,0,0,0
605,Elgyem,MEDIUM_FAST,True,127,5,90,PSYCHIC|PSYCHIC,humanoid,Untiered,55,55,55,30,85,55,67,0,0,0,0,1,0
606,Beheeyem,MEDIUM_FAST,True,127,10,345,PSYCHIC|PSYCHIC,humanoid,Untiered,75,75,75,40,125,95,170,0,0,0,0,2,0
607,Litwick,MEDIUM_SLOW,True,127,3,31,GHOST|FIRE,chaos,Untiered,50,30,55,20,65,55,55,0,0,0,0,1,0
608,Lampent,MEDIUM_SLOW,True,127,6,130,GHOST|FIRE,chaos,Untiered,60,40,60,55,95,60,130,0,0,0,0,2,0
609,Chandelure,MEDIUM_SLOW,True,127,10,343,GHOST|FIRE,chaos,Over Used,60,55,90,80,145,90,234,0,0,0,0,3,0
610,Axew,SLOW,True,127,6,180,DRAGON|DRAGON,monster|dragon,Untiered,46,87,60,57,30,40,64,0,1,0,0,0,0
611,Fraxure,SLOW,True,127,10,360,DRAGON|DRAGON,monster|dragon,Untiered,66,117,70,67,40,50,144,0,2,0,0,0,0
612,Haxorus,SLOW,True,127,18,1055,DRAGON|DRAGON,monster|dragon,Under Used,76,147,90,97,60,70,243,0,3,0,0,0,0
613,Cubchoo,MEDIUM_FAST,True,127,5,85,ICE|ICE,field,Untiered,55,70,40,40,60,40,61,0,1,0,0,0,0
614,Beartic,MEDIUM_FAST,True,127,26,2600,ICE|ICE,field,Untiered,95,130,80,50,70,80,170,0,2,0,0,0,0
615,Cryogonal,MEDIUM_FAST,True,255,11,1480,ICE|ICE,genderless,Untiered,80,50,50,105,95,135,170,0,0,0,0,0,2
616,Shelmet,MEDIUM_FAST,True,127,4,77,BUG|BUG,bug,Untiered,50,40,85,25,40,65,61,0,0,1,0,0,0
617,Accelgor,MEDIUM_FAST,True,127,8,253,BUG|BUG,bug,Untiered,80,70,40,145,100,60,173,0,0,0,2,0,0
618,Stunfisk,MEDIUM_FAST,True,127,7,110,GROUND|ELECTRIC,water a|chaos,Untiered,109,66,84,32,81,99,165,2,0,0,0,0,0
619,Mienfoo,MEDIUM_SLOW,True,127,9,200,FIGHTING|FIGHTING,field|humanoid,Untiered,45,85,50,65,55,50,70,0,1,0,0,0,0
620,Mienshao,MEDIUM_SLOW,True,127,14,355,FIGHTING|FIGHTING,field|humanoid,Over Used,65,125,60,105,95,60,179,0,2,0,0,0,0
621,Druddigon,MEDIUM_FAST,True,127,16,1390,DRAGON|DRAGON,dragon|monster,Never Used,77,120,90,48,60,90,170,0,2,0,0,0,0
622,Golett,MEDIUM_FAST,True,255,10,920,GROUND|GHOST,genderless,Untiered,59,74,50,35,35,50,61,0,1,0,0,0,0
623,Golurk,MEDIUM_FAST,True,255,28,3300,GROUND|GHOST,genderless,Untiered,89,124,80,55,55,80,169,0,2,0,0,0,0
624,Pawniard,MEDIUM_FAST,True,127,5,102,DARK|STEEL,humanoid,Untiered,45,85,70,60,40,40,68,0,1,0,0,0,0
625,Bisharp,MEDIUM_FAST,True,127,16,700,DARK|STEEL,humanoid,Under Used,65,125,100,70,60,70,172,0,2,0,0,0,0
626,Bouffalant,MEDIUM_FAST,True,127,16,946,NORMAL|NORMAL,field,Untiered,95,110,95,55,40,95,172,0,2,0,0,0,0
627,Rufflet,SLOW,True,0,5,105,NORMAL|FLYING,flying,Untiered,70,83,50,60,37,50,70,0,1,0,0,0,0
628,Braviary,SLOW,True,0,15,410,NORMAL|FLYING,flying,Never Used,100,123,75,80,57,75,179,0,2,0,0,0,0
629,Vullaby,SLOW,True,254,5,90,DARK|FLYING,flying,Untiered,70,55,75,60,45,65,74,0,0,1,0,0,0
630,Mandibuzz,SLOW,True,254,12,395,DARK|FLYING,flying,Under Used,110,65,105,80,55,95,179,0,0,0,0,2,0
631,Heatmor,MEDIUM_FAST,True,127,14,580,FIRE|FIRE,field,Untiered,85,97,66,65,105,66,169,0,0,0,0,2,0
632,Durant,MEDIUM_FAST,True,127,3,330,BUG|STEEL,bug,Never Used,58,109,112,109,48,48,169,0,0,2,0,0,0
633,Deino,SLOW,True,127,8,173,DARK|DRAGON,dragon,Untiered,52,65,50,38,45,50,60,0,1,0,0,0,0
634,Zweilous,SLOW,True,127,14,500,DARK|DRAGON,dragon,Untiered,72,85,70,58,65,70,147,0,2,0,0,0,0
635,Hydreigon,SLOW,True,127,18,1600,DARK|DRAGON,dragon,Over Used,92,105,90,98,125,90,270,0,0,0,0,3,0
636,Larvesta,SLOW,True,127,11,288,BUG|FIRE,bug,Untiered,55,85,55,60,50,55,72,0,1,0,0,0,0
637,Volcarona,SLOW,True,127,16,460,BUG|FIRE,bug,Over Used,85,60,65,100,135,105,248,0,0,0,0,3,0
638,Cobalion,SLOW,False,255,21,2500,STEEL|FIGHTING,cannot breed,Ubers,91,90,129,108,90,72,261,0,0,3,0,0,0
639,Terrakion,SLOW,False,255,19,2600,ROCK|FIGHTING,cannot breed,Ubers,91,129,90,108,72,90,261,0,3,0,0,0,0
640,Virizion,SLOW,False,255,20,2000,GRASS|FIGHTING,cannot breed,Ubers,91,90,72,108,90,129,261,0,0,0,0,0,3
641,Tornadus,SLOW,False,0,15,630,FLYING|FLYING,cannot breed,Ubers,79,115,70,111,125,80,261,0,3,0,0,0,0
642,Thundurus,SLOW,False,0,15,610,ELECTRIC|FLYING,cannot breed,Ubers,79,115,70,111,125,80,261,0,3,0,0,0,0
643,Reshiram,SLOW,False,255,32,3300,DRAGON|FIRE,cannot breed,Ubers,100,120,100,90,150,120,306,0,0,0,0,3,0
644,Zekrom,SLOW,True,255,29,3450,DRAGON|ELECTRIC,cannot breed,Ubers,100,150,120,90,120,100,306,0,3,0,0,0,0
645,Landorus,SLOW,False,0,15,680,GROUND|FLYING,cannot breed,Ubers,89,125,90,101,115,80,270,0,0,0,0,3,0
646,Kyurem,SLOW,False,255,30,3250,DRAGON|ICE,cannot breed,Ubers,125,130,90,95,130,90,297,1,1,0,0,1,0
647,Keldeo,SLOW,True,255,14,485,WATER|FIGHTING,cannot breed,Ubers,91,72,90,108,129,90,261,0,0,0,0,3,0
648,Meloetta,SLOW,False,255,6,65,NORMAL|PSYCHIC,cannot breed,Ubers,100,77,77,90,128,128,270,0,0,0,1,1,1
649,Genesect,SLOW,False,255,15,825,BUG|STEEL,cannot breed,Ubers,71,120,95,99,120,95,270,0,1,0,1,1,0
650,Deoxys,SLOW,False,255,17,608,PSYCHIC|PSYCHIC,cannot breed,Untiered,50,180,20,150,180,20,270,0,2,0,0,1,0
651,Deoxys,SLOW,False,255,17,608,PSYCHIC|PSYCHIC,cannot breed,Untiered,50,70,160,90,70,160,270,0,0,2,0,0,1
652,Deoxys,SLOW,False,255,17,608,PSYCHIC|PSYCHIC,cannot breed,Ubers,50,95,90,180,95,90,270,0,0,0,3,0,0
653,Wormadam,MEDIUM_FAST,False,254,5,65,BUG|GROUND,bug,Untiered,60,79,105,36,59,85,148,0,0,2,0,0,0
654,Wormadam,MEDIUM_FAST,False,254,5,65,BUG|STEEL,bug,Untiered,60,69,95,36,69,95,148,0,0,1,0,0,1
655,Shaymin,MEDIUM_SLOW,False,255,4,52,GRASS|FLYING,cannot breed,Ubers,100,103,75,127,120,75,270,0,0,0,3,0,0
656,Giratina,SLOW,False,255,69,6500,GHOST|DRAGON,cannot breed,Ubers,150,120,100,90,120,100,306,3,0,0,0,0,0
657,Rotom,MEDIUM_FAST,False,255,3,3,ELECTRIC|FIRE,genderless,Under Used,50,65,107,86,105,107,182,0,0,0,1,1,0
658,Rotom,MEDIUM_FAST,False,255,3,3,ELECTRIC|WATER,genderless,Over Used,50,65,107,86,105,107,182,0,0,0,1,1,0
659,Rotom,MEDIUM_FAST,False,255,3,3,ELECTRIC|ICE,genderless,Untiered,50,65,107,86,105,107,182,0,0,0,1,1,0
660,Rotom,MEDIUM_FAST,False,255,3,3,ELECTRIC|FLYING,genderless,Untiered,50,65,107,86,105,107,182,0,0,0,1,1,0
661,Rotom,MEDIUM_FAST,False,255,3,3,ELECTRIC|GRASS,genderless,Under Used,50,65,107,86,105,107,182,0,0,0,1,1,0
662,Castform,MEDIUM_FAST,False,127,3,8,FIRE|FIRE,fairy|chaos,Untiered,70,70,70,70,70,70,147,1,0,0,0,0,0
663,Castform,MEDIUM_FAST,False,127,3,8,WATER|WATER,fairy|chaos,Untiered,70,70,70,70,70,70,147,1,0,0,0,0,0
664,Castform,MEDIUM_FAST,False,127,3,8,ICE|ICE,fairy|chaos,Untiered,70,70,70,70,70,70,147,1,0,0,0,0,0
665,Basculin,MEDIUM_FAST,False,127,10,180,WATER|WATER,water b,Untiered,70,92,65,98,80,55,161,0,0,0,2,0,0
666,Darmanitan,MEDIUM_SLOW,False,127,13,929,FIRE|PSYCHIC,field,Untiered,105,30,105,55,140,105,189,0,0,0,0,2,0
667,Meloetta,SLOW,False,255,6,65,NORMAL|FIGHTING,cannot breed,Untiered,100,128,90,128,77,77,270,0,1,1,1,0,0
1000,Pumpking,ERRATIC,False,0,0,0,GHOST|GHOST,cannot breed,Untiered,225,60,525,90,180,525,0,0,0,0,0,0,0
1001,Pumpking,ERRATIC,False,0,0,0,GHOST|GHOST,cannot breed,Untiered,240,60,485,115,150,485,0,0,0,0,0,0,0
1002,Pumpking,ERRATIC,False,0,0,0,GHOST|GHOST,cannot breed,Untiered,345,100,525,165,190,525,0,0,0,0,0,0,0
1003,Fighting Elfbot,ERRATIC,False,255,0,0,FIGHTING|FIGHTING,cannot breed,Untiered,93,150,95,107,60,85,0,0,0,0,0,0,0
1004,Flying Elfbot,ERRATIC,False,255,0,0,FLYING|FLYING,cannot breed,Untiered,80,120,80,120,110,80,0,0,0,0,0,0,0
1005,Poison Elfbot,ERRATIC,False,255,0,0,POISON|POISON,cannot breed,Untiered,98,120,95,82,105,90,0,0,0,0,0,0,0
1006,Ground Elfbot,ERRATIC,False,255,0,0,GROUND|GROUND,cannot breed,Untiered,115,145,110,75,60,85,0,0,0,0,0,0,0
1007,Rock Elfbot,ERRATIC,False,255,0,0,ROCK|ROCK,cannot breed,Untiered,110,140,130,70,60,80,0,0,0,0,0,0,0
1008,Bug Elfbot,ERRATIC,False,255,0,0,BUG|BUG,cannot breed,Untiered,100,130,120,95,60,85,0,0,0,0,0,0,0
1009,Ghost Elfbot,ERRATIC,False,255,0,0,GHOST|GHOST,cannot breed,Untiered,90,60,90,110,145,95,0,0,0,0,0,0,0
1010,Steel Elfbot,ERRATIC,False,255,0,0,STEEL|STEEL,cannot breed,Untiered,115,120,140,71,59,85,0,0,0,0,0,0,0
1011,Fire Elfbot,ERRATIC,False,255,0,0,FIRE|FIRE,cannot breed,Untiered,80,120,80,100,130,80,0,0,0,0,0,0,0
1012,Water Elfbot,ERRATIC,False,255,0,0,WATER|WATER,cannot breed,Untiered,150,60,85,80,115,100,0,0,0,0,0,0,0
1013,Grass Elfbot,ERRATIC,False,255,0,0,GRASS|GRASS,cannot breed,Untiered,120,58,115,72,110,115,0,0,0,0,0,0,0
1014,Electric Elfbot,ERRATIC,False,255,0,0,ELECTRIC|ELECTRIC,cannot breed,Untiered,90,60,80,130,140,90,0,0,0,0,0,0,0
1015,Psychic Elfbot,ERRATIC,False,255,0,0,PSYCHIC|PSYCHIC,cannot breed,Untiered,75,60,75,115,155,110,0,0,0,0,0,0,0
1016,Ice Elfbot,ERRATIC,False,255,0,0,ICE|ICE,cannot breed,Untiered,90,60,75,105,145,115,0,0,0,0,0,0,0
1017,Dragon Elfbot,ERRATIC,False,255,0,0,DRAGON|DRAGON,cannot breed,Untiered,84,125,80,91,120,90,0,0,0,0,0,0,0
1018,Dark Elfbot,ERRATIC,False,255,0,0,DARK|DARK,cannot breed,Untiered,100,125,90,85,100,90,0,0,0,0,0,0,0
1019,Pumprince,ERRATIC,False,0,0,0,GHOST|GHOST,cannot breed,Untiered,140,100,120,110,100,120,0,0,0,0,0,0,0
1020,Pumprincess,ERRATIC,False,254,0,0,GHOST|GHOST,cannot breed,Untiered,105,90,110,120,145,110,0,0,0,0,0,0,0
1021,Li'l Pump,ERRATIC,False,255,0,0,GHOST|FIRE,cannot breed,Untiered,70,175,70,998,175,70,0,0,0,0,0,0,0
1022,???,ERRATIC,False,255,0,0,ROCK|ROCK,cannot breed,Untiered,80,95,120,50,95,60,0,0,0,0,0,0,0
1023,Giratina,ERRATIC,False,255,0,0,GHOST|DRAGON,cannot breed,Untiered,220,140,200,110,140,200,0,0,0,0,0,0,0
1024,Nian,ERRATIC,False,255,0,0,DARK|DARK,cannot breed,Untiered,400,90,300,90,80,300,0,0,0,0,0,0,0
1025,Jumpeon,ERRATIC,False,0,0,0,FLYING|FLYING,cannot breed,Untiered,190,90,175,999,90,175,0,0,0,0,0,0,0
1026,Circuitree,ERRATIC,False,255,0,0,ELECTRIC|ELECTRIC,cannot breed,Untiered,180,100,160,130,180,160,0,0,0,0,0,0,0
1027,Robosanta,ERRATIC,False,255,0,0,FIGHTING|FIGHTING,cannot breed,Untiered,180,170,200,120,100,140,0,0,0,0,0,0,0
1028,Mountain Muncher,ERRATIC,False,255,0,0,DARK|DARK,cannot breed,Untiered,320,130,135,70,120,135,0,0,0,0,0,0,0
1029,Fighting Elfbot,ERRATIC,False,255,0,0,FIGHTING|FIGHTING,cannot breed,Untiered,108,120,110,107,50,95,0,0,0,0,0,0,0
1030,Flying Elfbot,ERRATIC,False,255,0,0,FLYING|FLYING,cannot breed,Untiered,95,100,95,120,90,90,0,0,0,0,0,0,0
1031,Poison Elfbot,ERRATIC,False,255,0,0,POISON|POISON,cannot breed,Untiered,108,105,105,82,90,100,0,0,0,0,0,0,0
1032,Ground Elfbot,ERRATIC,False,255,0,0,GROUND|GROUND,cannot breed,Untiered,130,115,125,75,50,95,0,0,0,0,0,0,0
1033,Rock Elfbot,ERRATIC,False,255,0,0,ROCK|ROCK,cannot breed,Untiered,120,110,140,70,50,100,0,0,0,0,0,0,0
1034,Bug Elfbot,ERRATIC,False,255,0,0,BUG|BUG,cannot breed,Untiered,115,105,130,95,50,95,0,0,0,0,0,0,0
1035,Ghost Elfbot,ERRATIC,False,255,0,0,GHOST|GHOST,cannot breed,Untiered,100,50,100,110,125,105,0,0,0,0,0,0,0
1036,Steel Elfbot,ERRATIC,False,255,0,0,STEEL|STEEL,cannot breed,Untiered,125,95,150,71,49,100,0,0,0,0,0,0,0
1037,Fire Elfbot,ERRATIC,False,255,0,0,FIRE|FIRE,cannot breed,Untiered,100,100,90,100,110,90,0,0,0,0,0,0,0
1038,Water Elfbot,ERRATIC,False,255,0,0,WATER|WATER,cannot breed,Untiered,155,50,95,80,100,110,0,0,0,0,0,0,0
1039,Grass Elfbot,ERRATIC,False,255,0,0,GRASS|GRASS,cannot breed,Untiered,130,48,120,72,100,120,0,0,0,0,0,0,0
1040,Electric Elfbot,ERRATIC,False,255,0,0,ELECTRIC|ELECTRIC,cannot breed,Untiered,100,50,90,130,115,105,0,0,0,0,0,0,0
1041,Psychic Elfbot,ERRATIC,False,255,0,0,PSYCHIC|PSYCHIC,cannot breed,Untiered,90,50,85,115,125,125,0,0,0,0,0,0,0
1042,Ice Elfbot,ERRATIC,False,255,0,0,ICE|ICE,cannot breed,Untiered,110,50,90,105,110,125,0,0,0,0,0,0,0
1043,Dragon Elfbot,ERRATIC,False,255,0,0,DRAGON|DRAGON,cannot breed,Untiered,99,110,90,91,105,95,0,0,0,0,0,0,0
1044,Dark Elfbot,ERRATIC,False,255,0,0,DARK|DARK,cannot breed,Untiered,110,100,100,85,95,100,0,0,0,0,0,0,0
1045,Normal Elfbot,ERRATIC,False,255,0,0,NORMAL|NORMAL,cannot breed,Untiered,100,100,100,90,100,100,0,0,0,0,0,0,0
1046,Normal Elfbot,ERRATIC,False,255,0,0,NORMAL|NORMAL,cannot breed,Untiered,100,100,100,90,100,100,0,0,0,0,0,0,0
1047,Pumpaladin,ERRATIC,False,255,0,0,GHOST|STEEL,cannot breed,Untiered,150,165,180,60,50,75,0,0,0,0,0,0,0
1048,Pumpmage,ERRATIC,False,255,0,0,GHOST|WATER,cannot breed,Untiered,100,50,70,110,150,200,0,0,0,0,0,0,0
1049,Pumpreaper,ERRATIC,False,255,0,0,GHOST|DARK,cannot breed,Untiered,80,180,75,190,75,75,0,0,0,0,0,0,0
1050,Botcracker,ERRATIC,False,255,0,0,ROCK|ROCK,cannot breed,Untiered,170,170,250,50,100,170,0,0,0,0,0,0,0
1051,Pumpthief,ERRATIC,False,255,0,0,GHOST|GHOST,cannot breed,Untiered,90,150,85,160,110,85,0,0,0,0,0,0,0
1052,DEBUG_ST1000,ERRATIC,False,255,0,0,NORMAL|GROUND,cannot breed,Untiered,1000,1000,1000,1000,1000,1000,0,0,0,0,0,0,0
